station_name,city_name
亦庄,北京
南仓所,天津
济南,济南
临沂北,临沂
福州,福州
万庄,廊坊
天津,天津
塘沽,天津
汉沽,天津
七道桥,唐山
马柳,迁安
张家庄,唐山
庄头,天津
杨辛庄,天津
白庄,天津
贾庵子,唐山
丰润南,唐山
党峪,唐山
新店子,唐山
赤城,赤城
乔庄东,北京
测试,北京
张辛,北京
庙城,北京
北京朝阳,北京
前苇塘,承德
鹰手营子,承德
下台子,承德
新杖子,承德
昌平北,北京
滦河沿,承德
银镇,承德
黄家店,承德
东南营子,赤峰
安庆沟,赤峰
四道湾,敖汉旗
八达岭长城,北京
红砂坝,丰镇
苏集,集宁
马盖图,呼和浩特
宋拉,包头
兴和西,乌兰察布
乌兰哈达,察哈尔右翼
阿贵图,集宁
白银哈尔,二连浩特
朱日和,苏尼特右旗
查干特格,二连浩特
查干芒和,锡林浩特
桑根达来,锡林浩特
六地沟,锡林浩特
沙日乃,通辽
落坡岭,北京
旧庄窝,张家口
清水涧,北京
化稍营,张家口
延庆北,北京
上万,北京
良各庄,北京
大涧,大同
大营,繁峙
万水泉,包头
杜家台,临河
平吉堡,银川
大坝,青铜峡
渠口堡,青铜峡
坝梁,包头
西小沟,包头
岳家井,武威
土门子,武威
青县,青县
吴桥,吴桥
德州,德州
桥南,济南
大汶口,泰安
磁窑,磁窑
张家港,张家港
洋河,宿迁
徐州,徐州
湖屯,肥城
涡阳,涡阳
六合,南京
泰州,泰州
章丘北,济南
淄博,淄博
康家庄,潍坊
高密,高密
蔡寨,淄博
博山,淄博
山头,淄博
南仇,淄博
南博山,淄博
莱西南,莱西
桃村东,烟台
平度,平度
烟台南,烟台
睢宁,徐州
阜宁南,盐城
五莲,五莲
郯城,郯城
古城东,亳州
淮南南,淮南
广德南,广德
舒城东,舒城
良乡,北京
琉璃河,北京
完县,完县
清风店,唐县
新乐,新乐
正定,正定
石家庄,石家庄
霸州西,霸州
高邑,石家庄
薛店,郑州
长葛,长葛
许昌,许昌
广水,广水
丹水池,丹水池
南湖东,武汉
霸州北,霸州
房山,北京
和村,邯郸
涉县,涉县
常村,长治
潞城,潞城
南阳寨,鹤壁
尚庄,郑州
花山南,武汉
黄石北,黄石
九里垄,九江
沈丘,周口
杜家坎所,北京
定州东,定州
临湘,临湘
捞刀河,长沙
株洲北,韶山
中堂,东莞
望牛墩,东莞
虎门北,东莞
衡阳北,衡阳
衡阳,衡阳
马田墟,马田墟
槐树下,郴州
坳上,韶关
广州西,广州
花山镇,广州
桥口,郴州
唐洞,郴州
三都,郴州
横沥,东莞
阳东,阳江
台山,江门
深圳,深圳
云浮,深圳
丰顺,丰顺
狮山,佛山
丰城东,丰城
新干东,新干
吉安西,吉安
肃宁,肃宁
临清,临清
三堂集,阜阳
蔡山,九江
南昌,南昌
吉水,吉水
赣县,赣州
原平西,原平
太原东,太原
太原南,太原
临汾西,临汾
广平,邯郸
张家界西,张家界
桃源,常德
平旺,大同
韩家岭,大同
岱岳,山阴
长畛,朔州
北白,忻州
阳曲,阳曲
襄汾,襄汾
东镇,闻喜
牛晶坪,榆次
东田良,长治
高平,高平
晋城,晋城
白壁关,孝义
樊店,侯马
澄城,澄城
大荔北,大荔
钟家村,阎良
张桥,阎良
云梦,云梦
琚湾,枣阳
陈家湖,陈家湖
应城,应城
六里坪,丹江口
白河东,白河
安康,安康
宣汉,达州
双龙,达州
营山,营山
蓬安,南充
淮口,南充
分水寺,万州
罗田,重庆
涪陵北,涪陵
南京东,南京
龙潭,南京
下蜀,南京
渣泽,镇江
陵口,丹阳
化鱼山,芜湖
东至,池州
湖口,湖口
侯潭,黄山
峙滩,景德镇
金山北,上海
新龙华,上海
枫泾,上海
漕泾,上海
东孝,金华
后溪街,衢州
贺村,衢州
上饶,上饶
枫岭头,上饶
龙泉市,龙泉
托船埠,丰城
王华,宜春
张坊,宜春
泉江,萍乡
醴陵,醴陵
绍兴,绍兴
永昌,兰溪
南丰,南丰
珠山,樟树
宁海,宁海
福鼎,福鼎
罗源,罗源
鄱阳,鄱阳
常山,衢州
双洋,漳平
黄山北,黄山
莆田,莆田
惠安,泉州
松溪,松溪
崇礼,张家口
怀柔南,北京
兴隆县西,承德
阳高南,阳高
怀安,张家口
太仓,太仓
盐城大丰,盐城
邳州东,邳州
新沂南,新沂
凤台南,淮南
寿县,淮南
柘皋,巢湖
怀宁,安庆
蕲春南,蕲春
鄢陵,许昌
淮阳南,周口
内黄,安阳
新塘南,广州
白云机场北,广州
商丘东,商丘
定南南,赣州
龙川西,河源
武乡东,武乡
龙游南,龙游
嵊州北,绍兴
台州西,台州
长乐,福州
襄垣东,襄垣
灌云,灌云
曲阜南,济宁
永寿西,永寿
海东,乐都
沙湾市,塔城
黄水塘南,西昌
喜德西,西昌
甘洛南,西昌
金口河南,乐山
泸州,泸州
西双版纳,景洪
橄榄坝,景洪
银川东,银川
灵武北,银川
巴东,恩施
南阳东,南阳
吉首东,吉首
长沙客运段,长沙
贵阳客运段,贵阳
雁石,龙岩
金谷,泉州
南安,泉州
南靖,南靖
井口,重庆
重庆北,重庆
王家坝,长寿
土坎,武隆
武隆,武隆
中嘴,武隆
池江,大余
涟源,涟源
公坪,怀化
波洲,怀化
玉屏,玉屏
老王洞,凯里
福泉,福泉
大禾塘,邵东
牛马司,邵阳
范家山,邵阳
东安东,东安
理家坪,双牌
阳朔,阳朔
永福,永福
黎塘,黎塘
伶俐,邕宁
扶绥,扶绥
龙伯屯,凭祥
东泉,柳州
洛西,柳州
关上,河池
贵定,贵定
阮家村,曲阜
历山,曲阜
临沂北,临沂
算王庄,算王庄
长治东,长治
阜宁东,盐城
商丘北,商丘
内黄集,商丘
罗王,开封
兴隆庄,开封
韩庄镇,开封
岐山,宝鸡
杨陵南,咸阳
铁炉,郑州
义马,义马
渑池,渑池
彬州,彬县
泾川,平凉
蔡家坡,岐山
虢镇,宝鸡
黄羊头,兰州
兰州新区,兰州
清水县,天水
张家川,天水
磐安镇,天水
洛门,洛门
李家坪,兰州
铜川东,铜川
安子沟,铜川
何寨,临潼
杜赵,渭南
黄陵,黄陵
石家砭,延安
瓦窑堡,延安
子长,子长
西沟,榆林
朝脑沟,鄂尔多斯
韩家村,鄂尔多斯
沙沙圪台,鄂尔多斯
石圪台,鄂尔多斯
贡嘎,贡嘎
保德,保德
渭南西,渭南
商洛,商洛
内乡,内乡
镇平,镇平
溧河,南阳
息县,息县
兰州西,兰州
山丹马场,张掖
海东西,海东
武威南,武威
丰乐滩,酒泉
金佛寺,酒泉
东风南,酒泉
瓜州,瓜州
大泉,敦煌
山口,哈密
乌拉泉,哈密
大步,吐鲁番
乌西,乌鲁木齐
乐土驿,石河子
玛纳斯,玛纳斯
安集海,奎屯
乌鲁木齐,乌鲁木齐
头道河所,托克逊
肖塔,库尔勒
特尔希克,阿克苏
地窝铺,乌鲁木齐
北屯市,北屯市
乌兰,格尔木
饮马峡,格尔木
协荣,拉萨
沁河北,济源
莲东,莲东
汝阳,汝阳
饮马峡西,海西州
苦水沟,海西州
荆门,荆门
澧县,澧县
麻阳,麻阳
策勒,和田
通道,通道
古砦,柳城
杨家川,定西
枫相院,陇南
回龙河,成都
杨家湾,宝鸡
李家河,汉中
两当,两当
高潭子,略阳
斑竹园,广元
厚坝,广元
三合场,江油
勉县,勉县
高梁铺,安康
广元东,广元
旺苍,广元
绵竹,德阳
步行街,成都
西昌西,西昌
特克,西昌
盐边,盐边
西来,成都
大英,大英
安靖,成都
资阳北,资阳
资中北,资中
内江北,内江
金音沟所,重庆
墨池坝,成都
峰高铺,永川
永川,永川
黄磏,永川
重庆,重庆
宋家铺,重庆
孔滩,宜宾
宜宾,宜宾
朱嘎,昭通
武家岩,宜宾
石丫口,六盘水
重庆东,重庆
重庆西,九龙坡
佛坪,安康
綦江东,重庆
龙坑,播州
修文县,贵阳
镇紫街,重庆
岔滩,重庆
木竹河,遵义
盘脚营,遵义
高坝,贵阳
大关冲,贵阳
都拉营,贵阳
从江,从江
天台,贵阳
中心,贵阳
广汉北,广汉
青白江东,成都
泥溪,泥溪
长宁,长宁
威信,威信
吴场,乐山
九里,乐山
轸溪,乐山
杨漩,乐山
凉红,西昌
沙马拉达,西昌
铁口,西昌
攀枝花,攀枝花
祥云,祥云
上格达,攀枝花
向隍,昆明
红江,昆明
黄瓜园,元谋
小月旧,昆明
大德,禄丰
巍山,巍山
鹤庆,大理
白塔村,昆明
柿花树,通海
峨山,峨山
化念,峨山
元江,元江
南宁西,南宁
那何北,田东
田东北,田东
阳宗,玉溪
班猫箐,宜良
宜耐,昆明
平林村,田林
根龙,田林
瓦窑田,兴义
贵阳西,贵阳
马嘎,六盘水
龙津沟,曲靖
大理东,大理
大方南,大方
裕民,六盘水
白鸡坡,盘县
三家寨,盘县
雨格,六盘水
新海,曲靖
白水镇,曲靖
富源,富源
柏果,盘县
牛街庄,昆明
荣山村所,海口
海口东,海口
城西,海口
高花,沈阳
台安南,台安
福山镇,澄迈
银滩,儋州
百股,锦州
兰家,锦州
凌海,凌海
石山,锦州
广盛,沈阳
绕阳河,沈阳
何三家,锦州
盘锦北,盘山
北票南,北票
能家,北票
金沟,北票
大平房,朝阳
东大道,凌源
红石,凌源
魏杖子,凌源
朝阳北,朝阳
沙海,建平
元宝山,赤峰
东营子,锦西
钟杖子,锦西
鸽子洞,锦西
串子沟,锦西
郭家屯,锦西
清河门,阜新
后官山,阜新
泉眼,沈阳
红河,通辽
通辽东,通辽
潘家,通辽
哈尔滨西,哈尔滨
公主岭南,公主岭
南关岭,大连
三十里堡,大连
许家屯,大连
刘家村,大连
宝镜,辽阳
庄河,庄河
析木,海城
岫岩,岫岩
八里甸子,桓仁
新岭,本溪
桥北,本溪
北甸,本溪
天桥,凤凰城
中华寺,抚顺
瓢儿屯,抚顺
新立镇,榆树
农安,长春
松原北,前郭尔罗斯
通途,松原
安广,白城
平台,白城
大石寨,乌兰浩特
牛汾台,乌兰浩特
阿尔山,乌兰浩特
骆驼岭,四平
三林,四平
丰库,四平
黑水,洮南
前榆,大安
大安北,大安
前十家,通辽
新艾里,通辽
西哲里木,通辽
霍林郭勒,霍林郭勒
霍林河,通辽
姜家,姜家
卧里屯,卧里屯
大庆东,大庆
碾子山,碾子山
三道桥,三道桥
富林,富林
西岭口,西岭口
海拉尔,海拉尔
完工,完工
赫尔洪得,赫尔洪得
扎赉诺尔,扎赉诺尔
汇流河,汇流河
阿龙山,阿龙山
阿乌尼,海拉尔
大其拉哈,海拉尔
甘河,甘河
吉文,吉文
得耳布尔,得耳布尔
武清,武清
成都东,成都
南仓,天津
田庄,天津
杨各庄,唐山
崔黄口,天津
三百吨,天津
通州,北京
抚宁,秦皇岛
怀柔,北京
统军庄,北京
密云,北京
六道河子,承德
兴隆县,承德
北宅,北京
南大庙,承德
平坊,承德
滦平,承德
窑上,承德
金沟屯,承德
梁底下,承德
赤峰,赤峰
风水沟,赤峰
老哈河,赤峰
大同南,大同
下花园北,张家口
太子城,张家口
东园,北京
东花园,张家口
新保安,张家口
郭磊庄,张家口
新安庄,集宁
八苏木,卓资
旗下营东,卓资
白塔,呼和浩特
美岱召,土默特右旗
贾家营,北京
云岗,大同
芦家村,集宁
白音察干,察哈尔右翼
德日斯图,二连浩特
阿巴嘎旗,阿巴嘎旗
头道井,二连浩特
呼吉尔,二连浩特
乌日根塔拉,苏尼特右旗
灰腾梁,锡林浩特
锡林浩特,锡林浩特
西乌旗,西乌珠穆沁
苏吉达巴,通辽
邢家堡,张家口
涿鹿,张家口
卢龙北,秦皇岛
云居寺,北京
招柏,保定
东土城,临河
燕子墩,兰州
中卫,中卫
沙坡头,中卫
红峰岭,包头
后坝,包头
包头北,包头
桃儿湾,包头
庆阳山,武威
黑冲滩,武威
白银市,白银
多尔本毛道,阿拉善左旗
莫尔格,阿拉善左旗
辉森乌拉西,额济纳旗
泊头,泊头
王字庄,德州
东营南,东营
董家庄,济南
济南南,济南
崮山,济南
张夏,济南
泗阳,泗阳
滁州北,滁州
永宁镇,南京
南京南,南京
肥东,合肥
淮北,淮北
丁里,淮北
萧县,萧县
扬州东,扬州
扬州,扬州
董家口,青岛
岚山西,日照
枣园,章丘
东风,淄博
沧口,青岛
大港,青岛
博兴,博兴
方家庄,淄博
源迁,淄博
苗山,莱芜
孝义,莱芜
燕家庄,莱芜
马格庄,莱阳
昌邑,昌邑
即墨北,即墨
威海北,威海
淮安南,淮安
东台,东台
郎溪南,宣城
水家湖,长丰
巢湖,巢湖
淮南,淮南
毕家岗,淮南
太湖南,安庆
宿松,宿松
丰台西,北京
长辛店,北京
涿州,涿州
望都,望都
承安铺,新乐
临城,临城
亢村,新乡
西平,西平
汉阳,武汉
武昌,武汉
山坡东,武汉
咸宁南,武汉
武安,武安
新市区,邯郸
阳邑,武安
弹音,长治
桃城,长治
漫流河,长治
余官营,平顶山
华容南,鄂州
八大家,武汉
界首市,阜阳
邯郸东,邯郸
滑浚,安阳
濮阳东,濮阳
咸宁,咸宁
虎门东,东莞
田心,韶山
株洲,株洲
小水铺,郴州
栖凤渡,郴州
太平里,韶关
连江口,广州
石牌,广州
西平西,东莞
东城南,东莞
龙丰,惠州
深圳西,深圳
沙琅,沙琅
茂名东,电白
兴宁,兴宁
四会,肇庆
大旺,肇庆
云东海,佛山
三水北,佛山
万安县,吉安
博罗北,惠州
东莞南,东莞
聊城,聊城
王楼,商丘
霍邱,霍邱
黄州,黄州
横车,蕲春
高兴镇,赣州
信丰,信丰
红安,红安
王家井,深县
贡家台,衡水
八里庄,石家庄
忻州西,忻州
阳曲西,太原
石家庄北,石家庄
井陉,井陉
井南,井陉
阳泉北,阳泉
阳泉东,阳泉
榆社西,榆社
晋中,晋中
介休东,介休
侯马西,侯马
永济北,永济
堂邑,聊城
龙山北,吉首
汉寿南,常德
山阴,山阴
东榆林,朔州
神头,朔州
前寨,朔州
魏家沟,大同
五寨,五寨
岢岚,岢岚
定襄,定襄
石滩村,临汾
赵庄,长治
东元庆,泽州县
晋城北,晋城
嘉峰,嘉峰
盘古寺,济源
禹门口,侯马
芝阳,韩城
韦庄,澄城
陈庄,蒲城
马家窑,侯马
襄阳北,襄阳
花果,十堰
毛坝关,紫阳
青花,万源
覃家坝,达州
渡市,渠县
流溪场,达州
琅琊,华蓥
望溪,渠县
团结村,重庆
陶家场,重庆
长寿北,长寿
双溪,江北
兴卫村,南京
天福庵,昆山
南翔,上海
江桥镇,上海
上海,上海
绩溪县,黄山
福港,景德镇
塔前,台前
广德,广德
新槐,湖州
石湖荡,上海
笕桥,杭州
车墩,上海
金山园区,上海
金山卫,上海
南星桥,上海
安华,诸暨
浦江,浦江
樟树潭,衢州
廿里街,衢州
广丰,广丰
顺义西,北京
兴城西,葫芦岛
****,张家口
南通西,南通
宝应,扬州
大港南,镇江
莱西,莱西
磐安南,金华
仙居南,台州
湾沚南,芜湖
蜀山东,合肥
安庆西,安庆
宿松东,安庆
雄安,保定
福海西,深圳
花都,广州
花城街,广州
信丰西,赣州
冠豸山,龙岩
武乡,武乡
太谷东,太谷
咸丰,恩施
建瓯东,建瓯
长治南,长治
高平东,高平
菏泽东,菏泽
咸阳西,咸阳
依吞布拉克,若羌
乌图美仁,格尔木
花土沟,茫崖
高坪,建始
德昌西,西昌
墨江,墨江
勐腊,勐腊
个旧,个旧
巴图营,朝阳
桦南东,佳木斯
巫山,巫山
双龙南,贵阳
花溪西,贵阳
湾仔,珠海
横琴北,珠海
杭州西,杭州
福州客运段,福州
杭州客运段,杭州
乌局乌段补,乌鲁木齐
长春客运段,长春
内江车务段,内江
老莱,老莱
九三,九三
新彦,新彦
嫩江,嫩江
加南,加南
加格达奇,加格达奇
塔河,塔河
瓦拉干,瓦拉干
阿木尔,阿木尔
宏图,宏图
永庆,永庆
中和,中和
依安,依安
额雨,黑河
锦河,锦河
滨江,哈尔滨
徐家,徐家
沈家,沈家
康金井,康金井
白奎堡,白奎堡
秦家,秦家
海伦,海伦
王杨,王杨
依兰,哈尔滨
胜利镇,哈尔滨
宾州,哈尔滨
汤旺河,汤旺河
金沙岗,金沙岗
新友谊,新友谊
前进镇,前进镇
东二道河,东二道河
八达沟,八达沟
五林,五林
青山,青山
青龙,鸡西
五龙,五龙
滴道,滴道
凯北,凯北
香坊,哈尔滨
新香坊,新香坊
小岭,小岭
伊林,伊林
绥西,绥西
绥芬河,绥芬河
图们,图们
天桥岭,汪清
马莲河,马莲河
东京城,东京城
孙家,孙家
牛家,牛家
山河屯,五常
水曲柳,舒兰
金珠,吉林
亚复,吉林
长春东,长春
新九站,吉林
马尾山,吉林
蛟河,蛟河
秋梨沟,敦化
大石头,敦化
哈尔巴岭,敦化
安图,安图
图们北,图们
五龙背东,丹东
沈阳南,沈阳
东陵,沈阳
宝山,梅河口
团林,辉南
石家,磐石
大梨树,永吉
驿马,吉林
建安,东辽
天德,辽源
辽源,辽源
梅河口,梅河口
谢家,柳河
柳河,柳河
三源浦,柳河
二密河,通化县
东通化,通化县
靖宇,靖宇
湾沟,江源
黄泥崴子,抚松
北岗,抚松
吕梁,吕梁
子洲,子洲
魏家楼,子洲
吴忠,吴忠
中卫南,中卫
宁县,宁县
大丰,株洲
垫江,垫江
神农架,神农架
孟关,贵阳
天河潭,贵阳
方城,南阳
关岭,关岭
金阳,贵阳
芷江,芷江
铜仁南,玉屏
三穗,三穗
贵定北,贵定
新郑机场,郑州
咸宁北,咸宁
汨罗东,汨罗
衡阳东,衡阳
深圳坪山,深圳
顺德,顺德
罕台川,鄂尔多斯
东胜东,鄂尔多斯
丹徒,镇江
惠山,无锡
苏州园区,苏州
脑高,呼和浩特
古城湾,包头
阿达日格,集宁
毛家桥,包头
藁城南,石家庄
后丁香东所,沈阳
桥巩,合山
仁德,河池
永康,永康
缙云,缙云
新东孝,金华
武夷山,武夷山
大田边,富源
横岗,南昌
金岭寺,锦州
七里湖,南昌
庆云,杭州
石围塘,茂名
泗店,南昌
大洋洲,南昌
雁西湖,北京
文登,文登
沈阳客运段,沈阳
太原客运段,太原
益阳南,
宁乡西,
石何杨所,西安
济南西,济南
重庆北,重庆
魏善庄,北京
平度西,青岛
金阳,贵阳
杨家口,唐山
朱各庄,天津
秦皇岛,秦皇岛
塘沽南,天津
李家营,承德
通县东,北京
三平,三河
潘家店,承德
黑山寺,北京
猴山,承德
二道沟门,承德
张百湾,承德
朝阳地,围场
敖汉,敖汉旗
黄花筒,奈曼旗
八仙筒,奈曼旗
东明村,奈曼旗
韩麻营,承德
三堡,北京
青龙桥,北京
宣化,张家口
张家口,张家口
卓资东,卓资
呼和浩特,呼和浩特
毕克齐,土默特左旗
东兴,包头
赵川,北京
庙梁,乌兰察布
齐哈日格图,二连浩特
苏尼特左旗,苏尼特左旗
西胡尔清,锡林浩特
贺日斯台,锡林浩特
好鲁库,锡林浩特
马架子,锡林浩特
嘎拉德斯汰,锡林浩特
林西,锡林浩特
准沙日乌苏,通辽
福巨,通辽
幽州,张家口
官厅,张家口
迁西,唐山
野三坡,涞水
小西庄,保定
云彩岭,保定
平型关,大同
东庄,大同
枣林,代县
平罗,石嘴山
皋兰,皋兰
水源,兰州
石拐,包头
吉兰泰,乌海
枣窝,石嘴山
汝箕沟,石嘴山
谭家井,潭家井
石峡子,武威
吴家川,白银
靖远西,白银
杭锦后旗,巴彦淖尔
呼和温都尔,杭锦后旗
互做布其,阿拉善左旗
沃博尔,巴彦浩特
天鹅湖,额济纳旗
平原,平原
利津南,利津南
歇马亭,泰安
兖州,兖州
刘家庄,滕州
枣庄西,枣庄
常熟,常熟
巢北,巢湖
鱼池村,肥城
济南中心,济南
如皋,如皋
新河,淮北
颍上,阜阳
郭店,济南
明水,章丘
维坊西,潍坊
蔡家庄,潍坊
胶州北,胶州
农中,青岛
八陡,淄博
刘征,淄博
桃花峪,莱芜
莱芜东,莱芜
桃村,桃村
蓬莱市,蓬莱
铺集,威海
淮安东,淮安
阜宁,阜宁
壶镇,丽水
杜桥,台州
头门港,台州
沂南,沂南
太和东,阜阳
合肥南,合肥
三十里铺,合肥
庐江,巢湖
浠水南,浠水
武穴北,武穴
小池,合肥
徐水,徐水
保定,保定
寨西店,定州
获鹿所,井陉
元氏,石家庄
沙河市,沙河
磁县,磁县
安阳,安阳
郑州,郑州
谢庄,郑州
苏桥,许昌
孟庙,漯河
遂平,遂平
信阳,信阳
纸坊东,武汉
乌龙泉南,武汉
贺胜桥东,武汉
横沟桥东,武汉
大兴机场,北京
权村,沙河
西阳苑,沙河
南营井,沙河
义井,邯郸
新固镇,武安
黎城,黎城
水洋,长治
洪掌,长治
微子镇,潞城
磊口,安阳
海棠寺,鹤壁
修武西,修武
姚孟,平顶山
左岭,武汉
白沙铺,阳新
何刘,武汉
南垸,武汉
武汉东,武汉
谭庄,漯河
许昌北,许昌
界首南,阜阳
高碑店东,高碑店
邢台东,邢台
新乡东,新乡
卫辉南,新乡
赤壁,赤壁
厚街,东莞
长安西,东莞
长安,东莞
东阳渡,耒阳
公平墟,郴州
许家洞,郴州
坪石,坪石
马坝,马坝
江门,江门
湘红,郴州
塘头厦,塘头厦
平湖南,平湖南
恩平,江门
开平南,江门
双水镇,江门
东莞西,东莞
常平东,东莞
陈江南,惠州
惠环,惠州
云山,惠州
奇槎,韶关
佛山西,佛山
车岗,肇庆
铁场,梅州
濮阳,濮阳
鼎湖东,肇庆
吉水西,吉安
和平北,河源
河源北,河源
惠州北,惠州
固安,固安
任丘,任丘
清河城,清河
梁堤头,聊城
武穴,武穴
小池口,九江
德安,德安
军山,庐山
南昌北,南昌
樟树东,樟树东
新干,新干
惠州,惠州
宁都,赣州
杨源,三明
水茜,三明
衡水,衡水
王瞳,景县
大郭村,石家庄
获鹿,石家庄
上安,井陉
榆次,太原
鸣李,太原
来凤,恩施
乌山,益阳
博白,玉林
金沙滩,怀仁
朔州,朔州
宁武,宁武
播明,忻州
雁儿崖,大同
界牌,五寨
河边,定襄
三给村,太原
玉门沟,太原
西张,太原
娄烦,娄烦
平遥,平遥
霍州,霍州
临汾,临汾
闻喜,闻喜
永济,永济
路家庄,榆次
榆社,榆社
长治北,长治
小宋,长治
南陈铺,高平
后寨,晋城
万安,介休
阳城,阳城
河津,河津
二峰山,侯马
新墩,武汉
小林,小林
随县,随州
十堰东,十堰
马棚,襄阳
小花果,十堰
白河县,白河
土溪,渠县
南充,南充
遂宁,遂宁
北京,北京
哈尔滨,哈尔滨
牡丹江,牡丹江
黄土坡,北京
青岛北,青岛
成都,成都
汉沟镇,天津
军粮城,天津
泰达,天津
九龙山,秦皇岛
山海关,秦皇岛
曹子里,天津
蓟州北,天津
豆各庄,唐山
遵化,遵化
胥各庄,唐山
丰润西,唐山
团瓢庄,遵化
承德西,承德
滦平东,承德
玉田县,唐山
大令公,唐山
唐山北,唐山
马铺营,唐山
迁安,唐山
包官营,唐山
曹东庄,唐山
通州西,北京
牛栏山,北京
洞庙河,承德
承德东,承德
承德,承德
超梁沟,承德
汤头沟,承德
东大坝,承德
老府,赤峰
中台子,赤峰
三把火,赤峰
新窝铺,敖汉旗
北京东,北京
沙河,北京
东花园北,张家口
怀来,张家口
康庄,北京
柴沟堡,张家口
土贵乌拉,察哈尔右翼
集宁南,集宁
三道营,卓资
台阁牧,呼和浩特
庞家堡,北京
集宁,集宁
巴彦郭勒,磴口
夏拉哈马,苏尼特右旗
查干诺尔,二连浩特
星耀,集宁
朝格温多尔,锡林浩特
公主埂,锡林浩特
平顶庙,锡林浩特
达日其嘎,锡林浩特
衙门庙,通辽
白音库伦,锡林浩特
门头沟,北京
湖东,大同
木林,北京
燕山,北京
板城,保定
奇峰塔,保定
塔崖驿,保定
浮图峪,涞源
繁峙,繁峙
五原,五原
杭锦旗,杭棉旗
碱柜,乌海
乌海,乌海
惠农,惠农
西大滩,银川
银川南,银川
柳家庄,中卫
孟家湾,中卫
大格达,白银
土龙川,兰州
夏官营客所,兰州
黑沙土,阿拉善左旗
大武口,大武口
马莲滩,石嘴山
园墩,武威
靖远,靖远
长征,长征
京津所,天津
双堂,天津
十二里阁,德州
阳信,阳信
青杨,济南
界首,泰安
姚村,兖州
两下店,邹城
唐南集,宿州
板桥,蚌埠
南京,南京
全椒,全椒
青龙山,淮北
高邮,扬州
姜堰,姜堰
红岛,青岛
章丘,章丘
城阳,青岛
青岛北,青岛
杜科,青岛
东营,东营
淄川,淄博
湍湾,莱阳
徐家店,海阳
龙口市,龙口
埠西头,威海
盐城北,盐城
南通,南通
亳州南,亳州
炉桥,滁州
周曲家,芜湖
桐城南,桐城
桐城,桐城
安庆,安庆
漕河,徐水
柳辛庄,石家庄
平南,石家庄
小康庄,邢台
宝莲寺,安阳
塔岗,鹤壁
横店,孝感
武汉北,武汉
庙山,武汉
周口店,北京
上泉,沙河
康城,武安
临水,邯郸
徘徊北,武安
北舍,峰峰
鹤壁北,鹤壁
黄河景区,郑州
裴沟,郑州
花湖,鄂州
武昌北,武汉
大箕铺,黄石
浮屠街,黄石
西河村,瑞昌
西华,周口
周口东,周口
临泉,阜阳
保定东,保定
高邑西,石家庄
鹤壁东,鹤壁
岳阳,岳阳
沙井西,深圳
郴州,郴州
乐昌,乐昌
清溪,清溪
江高镇,广州
广州东,广州
樟木头,樟木头
西湖东,惠州
云浮东,云浮
三水,三水
水坑,三水
揭阳南,揭阳
端州,肇庆
鼎湖山,肇庆
赣州西,赣州
仲恺,惠州
霸州,霸州
大营镇,枣强
郓城,郓城
商丘南,商丘
定南,定南
龙川,龙川
石城东,赣州
清流,三明
晋州,晋州
太谷西,太谷
祁县东,祁县
洪洞西,洪洞
闻喜西,闻喜
运城北,运城
宁乡,宁乡
怀仁,怀仁
阳方口,朔州
轩岗,轩岗
安塘,岢岚
汾河,太原
古交,古交
镇城底,古交
白文东,临县
介休,介休
洪洞,洪洞
运城,运城
沿寨,榆次
西阳村,高平
月山,月山
孝西,孝义
合阳,合阳
安陆,安陆
襄阳,襄阳
隆中,襄阳
武当山西,十堰
天门,天门
钟祥,钟祥
谷城,谷城
巴山,万源
三汇镇,渠县
磨心坡,重庆
兴隆场,重庆
李河,重庆
石柱县,石柱县
复盛,江北
六摆渡,南京
昆山,昆山
马鞍山,马鞍山
钟鸣,庐江
无为南,无为
彭泽,彭泽
何家湾,上海
郎家溪,黄山
韩坑,景德镇
浮梁,浮梁
鲇鱼山,景德镇
杭州东所,杭州
泗安,湖州
湖州,湖州
临平南,杭州
桐乡,嘉兴
春申,上海
七星桥,嘉兴
马王塘,嘉兴
艮山门,杭州
上海南,上海
叶榭,上海
金华,金华
衢州,衢州
江山,江山
新塘边,衢州
渎口,上饶
松阳,松阳
进贤,进贤
潭岗,南昌
老关,萍乡
临川,临川
豆张庄,天津
北仓,天津
茶淀,天津
唐山东,唐山
福山寺,唐山
宝坻,天津
崔马庄,唐山
洪家屯,唐山
秦皇岛南,秦皇岛
大厂县,三河
段甲岭,三河
蓟州,蓟县
别山,天津
沙子河,唐山
济铁旅,临沂
济华夏,临沂
双桥,北京
密云北,北京
上板城,承德
沙坨子,隆化
牛家营子,赤峰
水地,赤峰
小河沿,敖汉旗
舍力虎,奈曼旗
治安,奈曼旗
东来,开鲁
双峰寺,承德
高寺台,承德
旗下营南,卓资
黄土店,北京
南口,北京
延庆,北京
狼山,张家口
土木,张家口
沙城,张家口
下花园,张家口
沙岭子,张家口
孔家庄,张家口
古店,大同
孤山,大同
旗下营,卓资
察素齐,土默特左旗
陶思浩,土默特左旗
三八树,包头
包头东,包头
土牧尔台,察哈尔右翼
锡林呼都嘎,二连浩特
达盖,集宁
道仑郭勒,锡林浩特
温都和硕,锡林浩特
福兴地,通辽
金家店,通辽
白音华南,西乌旗白音
石景山南,北京
北辛堡,张家口
南观村,北京
孤山口,北京
平峪,北京
福山口,保定
王安镇,涞源
北屯,保定
五台山,繁峙
包头,包头
石嘴山,石嘴山
小红山,中卫
营盘水,白银
白墩子,白银
赵家水,白银
丰水村,白银
前长川,兰州
明安,乌拉特前旗
营盘湾,乌拉特前旗
大磴沟,石嘴山
毛德呼热,磴口县
杨柳青,天津
静海,静海
晏城,晏城
滨州,滨州
北园,济南
济南,济南
万德,济南
泰山,泰安
白家店,兖州
界河,邹城
滕州,滕州
灵璧,灵壁
任桥,宿州
固镇,固镇
新马桥,蚌埠
曹老集,蚌埠
明光,明光
墩义堂,六安
穆庄,肥城
宋町,淮北
海安,海安县
邹平,邹平
潍坊北,潍坊
金岭镇,淄博
莱芜西,莱芜
蔺家楼,莱芜
范镇,莱芜
草庙子,烟台
沭阳,宿迁
淮安,淮安
盐城,盐城
海门,南通
沂水,沂水
武店,蚌埠
合肥北,合肥
芜湖北,芜湖
太湖,太湖
白沟,高碑店
隆尧县,隆尧
高村桥,鹤壁
新乡北,新乡
咸宁东,武汉
北京大兴,北京
石楼,北京
满城,石家庄
章村,沙河
偏店,武安
安阳西,安阳
水冶,安阳
新郑北,郑州
平顶山,平顶山
武昌东,武汉
夏畈,瑞昌
太和北,周口
安阳东,安阳
蒲圻,武汉
耒阳,耒阳
广州,广州
东莞,东莞
东莞东,东莞东
寮步,东莞
松山湖北,东莞
坂田,深圳
西丽,西丽
阳春,阳春
南宫东,南宫
鄄城,鄄城
曹县,曹县
蕲春,蕲春
栗木,九江
莲塘,莲塘
丰城南,丰城南
藁城,藁城
前磨头,深县
苏闸,衡水
南新城,石家庄
南张村,井陉
赛鱼,阳泉
益阳东,益阳
忻州,忻州
豆罗,忻州
长城梁,宁武
秦家庄,岢岚
上兰村,太原
洪善,平遥
灵石,灵石
店坡,运城
风陵渡,运城
红崖,榆次
夏店,长治
大辛庄,长治
长子,长治
西武匠,晋城
白水县,白水
横岭关,侯马
厉山,随州
襄州,襄阳
随州南,随州
十堰,十堰
棕溪,旬阳
旬阳,旬阳
大竹园,安康
花楼坝,万源
梓潼,成都
开江,开江
万州,万州
齐岳山,重庆
南京西,南京
常州,常州
宣城,宣城
宁国,宁国
景德镇,景德镇
慈义,景德镇
硬石岭,乐平
瓦屋山,溧阳
长兴,长兴
新浜,上海
临平,杭州
山阳,上海
富阳,杭州
平滩,衢州
丰城,丰城
珠亭山,萍乡
萍乡,萍乡
源门铺,醴陵
绍兴北,绍兴
余姚北,余姚
上虞,上虞
南城,南城
泰宁,泰宁
抚州北,抚州北
崇仁,崇仁
太平,安福
宁波东,宁波
三门县,三门
温州南,温州
浮梁南所,浮梁
无为,芜湖
北京南,北京
临沂北,临沂
黄村,北京
佳木斯,佳木斯
落垡,廊坊
一二九公里,天津
天津北,天津
丰南,唐山
滦河,唐山
曹妃甸东,唐山
曹妃甸港,唐山
辛庄,天津
大口屯,天津
卑家店,唐山
半壁山,承德
三河县,三河
榆关,唐山
义卜寨,唐山
雁栖湖,北京
怀柔北,北京
白旗,承德
隆化,承德
张三营,承德
四合永,围场
腰栈,承德
曹家营子,赤峰
北台子,赤峰
赤峰南,赤峰
赤峰东,赤峰
昂乃,赤峰
余粮堡,通辽
昌平,北京
居庸关,北京
王官人屯,大同
周士庄,大同
大同东,大同
十八台,卓资
民族,呼和浩特
西土城,乌兰察布
七苏木,集宁
图呼木,二连浩特
化德,集宁
汗苏鲁,锡林浩特
查干哈达,锡林浩特
刁家段,通辽
查布嘎,通辽
哲里木,通辽
西乌旗,西乌珠穆沁
白音华南,西乌珠穆沁
官厅西,张家口
野溪,北京
色树坟,北京
兴和北,乌兰察布
大同南,大同
沙城东,张家口
蓟县西,天津
翠屏山,天津
平安城,唐山
迁安北,秦皇岛
百里峡,涞水
代县,代县
阳明堡,忻州
薛孤,原平
原平,原平
公庙子,乌拉特前旗
乌拉特前旗,乌拉特前旗
西小召,乌拉特前旗
银川,银川
中宁,中卫
兴泉堡,白银
红岘台,白银
红砂岘,白银
二道沙河,包头
新贤城,包头
高家村,包头
艾不盖,包头
鹰咀,白银
塔拉哈尔,阿拉善左旗
曹庄,天津
于官屯,德州
禹城,禹城
临邑,临邑
党家庄,济南
西寺坡,宿州
连城,宿州
凤阳,凤阳
麻城北,麻城
淮北北,淮北
张集,淮南
高邮北,扬州
江都,江都
栟茶,如东
青岛西,青岛
普通,青州
青州市,青州
北牟,淄博
桃村北,桃村
牟平,烟台
临海南,临海
临沂东,临沂
颍上北,阜阳
合肥,合肥
裕溪口,芜湖
庐江西,庐江
舒城,六安
黄梅东,黄冈
高碑店,高碑店
定兴,定兴
于家庄,满城
定州,定州
黄粱梦,邯郸
鹤壁,鹤壁
淇县,淇县
新乡,新乡
广武,郑州
新郑,新郑
临颍,临颍
花园,孝昌
滠口,滠口
江岸西,武汉
什里店,武安
豆庄,涉县
南峧,黎城
下湾,长治
石涧,安阳
李珍,安阳
密县,郑州
大冶北,黄石
新下陆,武汉
新塘铺,瑞昌
金山店,武汉
易县,保定
黄冈东,黄冈
扶沟南,周口
沈丘北,周口
新开铺,韶山
暮云市,韶山
白马垅,韶山
深圳机场北,深圳
源潭,清远
广州北,广州
郭塘,郭塘
清城,清远
下元,广州
沙浦,广州
仙村,广州
石龙,石龙
茶山,广州
阳江,阳江
大朗镇,东莞
常平南,东莞
三眼桥,佛山
广宁,肇庆
肇庆东,肇庆
茂名西,茂名
汕头,汕头
河源东,河源
河间西,河间
饶阳,饶阳
枣强,枣强
阳谷,阳谷
定陶,定陶
亳州,亳州
阜南,阜阳
潢川,潢川
光山,光山
新县,新县
周铁岗,麻城
庐山,庐山
马回岭,庐山
向塘,向塘
泰和,泰和
南塘镇,赣州
和平,和平
宁化,三明
南峪,井陉
岩会,阳泉
寿阳,寿阳
北营,太原
灵石东,灵石
桑植,张家界
临澧,临澧
益阳,益阳
怀仁东,怀仁
岗上所,原平
樊家庄所,原平
凤凰村,朔州
南河,忻州
四老沟,大同
神池,神池
紫寨,五寨
太原西,太原
柳林河,阳曲
向阳店,太原
祁县,祁县
张兰,介休
侯马,侯马
北田受,榆次
沁县,沁县
北板桥,泽州县
东坡,泽州县
柏山,焦作
兑镇,孝义
磨滩,济源
新绛,新绛
稷山,稷山
南永宁,合阳
蒲石,蒲城
横水镇,侯马
长岭岗,安陆
随州,随州
唐县镇,枣阳
浪河,十堰
蜀河,旬阳
石庙沟,安康
麻柳,紫阳
南充东,南充
蓬溪,遂宁
广安,广安
三汇坝,华蓥
西永,沙坪坝
五桥,重庆
鱼背山,重庆
外跨塘,苏州
黄渡,上海
光华门,南京
慈湖,马鞍山
当涂东,当涂
芜湖,芜湖
八里湾,芜湖
张旗杆,庐江
营里,景德镇
乐平市,乐平市
万年,万年
溧阳,溧阳
长安镇,海宁
亭林,上海
萧山,萧山
诸暨,诸暨
外陈,诸暨
龙游,龙游
玉山,玉山
河潭埠,鹰潭
张王庙,南昌
黄土岗,黄土岗
缙云西,缙云
宜春西,宜春
芦溪,芦溪
白源,萍乡
兰溪,兰溪
中仙,尤溪
雁荡山,乐清
永嘉,永嘉
福安,福安
三明,三明
长临河,合肥
绩溪北,宣城
婺源,婺源
武夷山东,建阳
光泽,光泽
来舟,来舟
沙县,沙县
南平南,南平
杜坞,福州
长乐南,福州
格口,安溪
古田会址,上杭
涪陵西,涪陵
白沙沱,涪陵
干溪沟,彭水
长潭沟,酉阳
始兴,始兴
金竹山,冷水江
安化,安化
新胜利,新化
辰溪,辰溪
羊坪,岑巩
蕉溪,凯里
马田,凯里
邵阳,邵阳
道州,道州
钟山,钟山
三江南,三江
永州,永州
东安,东安
庙头,桂林
桂林北,桂林
鹿寨,鹿寨
渠旧,渠旧
天西,天西
凭祥,凭祥
防城港北,防城港
北海,北海
陆川,陆川
海安南,海安南
瑶寨,河池
鼓里,河池
打羊,都匀
河阳,都匀
都匀,都匀
改貌,贵阳
曲阜,曲阜
蒙山,平邑
待王,待王
宁陵县,宁陵县
占杨,郑州
马头岗所,郑州
定西北,定西
宝鸡南,宝鸡
西安北,西安
湾李所,西安
张茅,三门峡
三门峡,三门峡
灵宝,灵宝
太要,三门峡
华山,华阴
新丰镇,临潼
浐灞,西安
杨陵,杨陵
林家村,宝鸡
元龙,天水
甘谷,甘谷
陇西,陇西
通安驿,通安驿
梁家坪,兰州
吕渠河,铜川
刘家沟,黄陵
曹家伙场,榆林
敖包沟,鄂尔多斯
转龙湾,鄂尔多斯
林芝,林芝
新城川,府谷
孤山川,府谷
长安集,合肥
千河,宝鸡
娘娘庙,陇县
平凉南,平凉
七营,中卫
大战场,中卫
坡底下,兰州
打柴沟,武威
龙沟,武威
山丹,山丹
玉门东,玉门
鄯马河,玉门
红光,哈密
了墩,哈密
鄯善,鄯善
柴窝堡,乌鲁木齐
三葛庄,乌鲁木齐
乌苏,奎屯
四棵树,奎屯
阿拉山口,博乐
博乐,博乐
春风,嘉峪关
东水峡,嘉峪关
阿拉沟,吐鲁番
巴伦台,和静
焉耆,焉耆
包尔海,库尔勒
牙哈,库尔勒
布列开,伊宁县
疏勒,疏勒
叶城,叶城
准东,阜康
五五,五五新镇
阿勒泰,阿勒泰
乐都,乐都
尕巴,格尔木
柯柯,乌兰
轵城,济源
留庄,留庄
洛阳北,洛阳
临汝镇,汝州
戎庄,汝州
北召店,南阳
南阳,南阳
韩堂,邓州
五个圈,海西州
王树岗,襄阳
石门县北,张家界
慈利,慈利
沙刀湾,张家界
张家界,张家界
排楼,怀化
连山,怀化
三江县,三江县
融水,融水
罗城,河池
南部,南部
绵阳,绵阳
勉西,勉县
茶镇,安康
下两,巴中
高骈,广汉
灵杰,广汉
石桥,达州
羊马,成都
蒲江,成都
南充西,南充
东阳所,重庆
隆昌北,隆昌
荣昌北,荣昌
芭蕉沟所,重庆
红花塘,成都
内江,内江
迎祥街,内江
安富镇,内江
长河碥,永川
茨坝,永川
铜罐驿,九龙坡
大渡口,永川
自贡北,自贡
敬梓场,自贡
安边,宜宾
普洱渡,昭通
盐津,盐津
大关,大关
昭通,昭通
二道桥,昭通
白市驿,重庆
双碑所,重庆
珞璜南,重庆
娄山关南,汇川
遵义南,播州
大河坝,遵义
汇塘河,遵义
松坝,遵义
高炉子,遵义
南宫山,遵义
洛湾三江,贵阳
贵阳东,贵阳
贵定县,贵定
都匀东,都匀
三江东,重庆
罗江东,罗江
兴文,兴文
毕节,毕节
公兴,成都
普兴,成都
峨眉,峨眉山
尼日,西昌
苏雄,西昌
越西,越西
拉白,西昌
新凉,西昌
冕山,西昌
新铁村,西昌
冕宁,冕宁
经久,西昌
永郎,德昌
青杠,攀枝花
枣子林,攀枝花
桐子林,攀枝花
云南驿,祥云
牛街,昆明
黑井,禄丰
龙塘坝,昆明
青龙寺,安宁
奶姆庄,昆明
临沧,临沧
密地,西昌
磨憨,勐腊
白腊寨,广南
珠琳,广南
腻革龙,丘北
石林西,昆明
洛羊镇,昆明
七甸,昆明
长坡岭,师宗
郑屯,兴义
小雨谷,盘县
德保,德保
湖潮,贵阳
葡萄菁,六盘水
凤凰山,曲靖
里腊,曲靖
照福铺,曲靖
沐滂,楚雄
松河,盘县
盘关,盘县
小箐,曲靖
寻甸,东川
天生桥,东川
王家营,东川
跑马山,昆明
呈贡,昆明
亚龙湾,三亚
神州,万宁
黄流,乐东
高岭,兴城
东辛庄,兴城
桃园,锦西
段家,盘锦
大红旗,沈阳
裕国,沈阳
台集屯,锦州
泥河子,义县
朝阳南,朝阳
锦州北,锦州
大营子,朝阳
叶柏寿,建平
三十家,凌源
小寺沟,承德
上谷,承德
汐子,宁城
东沟门,锦西
建昌,葫芦岛
孔家沟,兴城
营北,兴城
罗家,阜新
皇姑屯,沈阳
田家窝堡所,沈阳
阿尔乡,通辽
五道木,通辽
长春西,长春
鞍山西,鞍山
瓦房店西,大连
普兰店,大连
瓦房店,大连
海城,海城
苏家屯,沈阳
苏北,沈阳
文官屯,沈阳
铁岭,铁岭
长岭子,大连
城子坦,大连
蚕厂屯,大连
皮口南,大连
老边,营口
东辽阳,辽阳
耿家屯,辽阳
新寒岭,本溪
铁岭西,铁岭
铁刹山,本溪县
南芬,本溪
长虹,本溪
刘家河,本溪
铁佛寺,凤凰城
佟家,凤凰城
五三,沈阳
老公屯,榆树
团山,丹东
五家,五家
新望哈,哈尔滨
小合隆,长春
赵家沟,农安
王府,松原
哈玛,松原
七家子,松原
三井子,前郭尔罗斯
弓棚子,前郭尔罗斯
卫东,乌兰浩特
宝门乡,乌兰浩特
黑城子,四平
日新,四平
保康,科尔沁左翼
边昭,洮南
阳山,白城
克利,克利
平洋,平洋
振德,洮南
壮志,壮志
昆都庙,通辽
四合台,通辽
石灰窑,通辽
哈尔滨北,哈尔滨
里木店,里木店
安达,安达
喇嘛甸,喇嘛甸
鲁河,鲁河
吉新河,吉新河
紫沟,紫沟
兴安岭,兴安岭
哈克,哈克
陵丘,陵丘
豪门,豪门
辉河,辉河
煤田,煤田
库都尔,库都尔
克一河,克一河
小黑山,小黑山
红彦,红彦
大乌苏,大乌苏
险峰,塔河
哈川,哈川
树林,树林
通北,通北
桃山,桃山
朗乡,朗乡
香兰,香兰
双子河,双子河
半截河,半截河
鹤岗,鹤岗
丰乐镇,丰乐镇
笔架山,笔架山
抚远,抚远
林口南,牡丹江
亚河,亚河
勃利,勃利
杏树,杏树
麻山,麻山
鸡东,鸡东
连珠山,连珠山
虎林,虎林
海林,海林
穆棱,穆棱
下城子,下城子
冷山,七台河
庙岭,汪清
东门,哈尔滨
周家,周家
拉林,拉林
五常,五常
小城,舒兰
马鞍岭,蛟河
东富,舒兰
土们岭,九台
大石头南,敦化
珲春,珲春
龙潭山,吉林
江北,吉林
江密峰,吉林
苇塘,蛟河
柳树河,蛟河
威虎岭,敦化
老头沟,龙井
旧站,沈阳
草市,清原
海龙,梅河口
永宁,磐石
光辉,辉南
长山村,辉南
哈福,四平
平岗,辽源
郑家堡,柳河
五道沟,柳河
古城子,桓仁
万隆,通化县
白山市,白山
二岔,抚松
吴堡,吴堡
庆阳,庆阳
湘府路,长沙
洞井,长沙
昭山,湘潭
天河街,武汉
盐池,盐池
南漳,襄阳
郏县,平顶山
禹州,许昌
安顺西,安顺
金阳南,贵阳
小团山所,昆明
麻阳西,怀化
抚州东,东乡
驻马店西,驻马店
衡山西,衡山
郴州西,郴州
陆丰,汕尾
潮阳,汕头
云霄,云霄
福田,深圳
容桂,中山
小榄,中山
中山,中山
明珠,珠海
双吉,吉林
珠海长隆,珠海
东胜西,鄂尔多斯
大牛地,鄂尔多斯
托克托东,托克托
礼乐,江门
生丰,包头
石门村,包头
一四二公里,包头
包头西乘降,包头
天津南,天津
曲阜东,曲阜
定远,定远
滁州,滁州
镇江南,镇江
景州,衡水
平原东,平原
南翔北所,上海
白杨畈,南昌
南甸,本溪
张庙,上海
宝清,韶关
潮水,潮水
查岩,合山
兴义,兴义
石林,石林
羊堡,昆明
大西一场,大同
杨楼孜,蚌埠
西张店,南昌
张巷,南昌
赣州,赣州
龙回,赣州
大官亭,衡水
广深铁旅,广州
成都中心,成都
下初,威海
上海客运段,上海
银川客运段,兰州
威海客运段,威海
成都客运段,成都
西安客运段,西安
南宁客运段,南宁
南宁沿海补,南宁
安定,北京
北塘,天津
芦台,宁河
唐坊,唐山
石郎庄,滦县
昌黎,秦皇岛
留守营,天津
北戴河,秦皇岛
南大寺,秦皇岛
龙家营所,秦皇岛
下仓,天津
北塘西,天津
傅庄,天津
南堡,唐山
遵化南,遵化
雷庄,唐山
丰宁,承德
赵川北,宣化
张家口南,张家口
螺山,唐山
狼窝铺,唐山
双望,秦皇岛
顺义,北京
官高,北京
古北口,北京
流水沟,承德
庙宫,承德
纪家沟,围场
木头营子,赤峰
敖来,赤峰
嘎什甸子,奈曼旗
西六方,通辽
西八里,张家口
聚乐堡,大同
大同,大同
古营盘,乌兰察布
呼和浩特东,呼和浩特
萨拉齐东,土默特右旗
包头东,包头
清华园,北京
友谊水库,乌兰察布
赛汗塔拉,苏尼特右旗
楚鲁图,二连浩特
郭尔奔敖包,二连浩特
赛乌苏,二连浩特
兴和,集宁
正镶白旗,锡林浩特
牙拉盖图,锡林浩特
伊和恩格拉,锡林浩特
上店,锡林浩特
宇宙地,锡林浩特
古鲁满汗,锡林浩特
三家店,北京
斜河涧,北京
珠窝,北京
大台,北京
大同县,大同
下庄,北京
抚宁北,秦皇岛
紫荆关,易县
涞源,涞源
东淤地,繁峙
包头西,包头
白彦花,乌拉特前旗
乌拉山,乌拉特前旗
头道桥,临河
桃司兔,乌海
黄羊滩,银川
迎水桥,中卫
干塘,中卫
狼抱水,白银
白银西,白银
老羊壕,固阳
陶斯沟,石嘴山
呼鲁斯太,石嘴山
白芨沟,石嘴山
查干得日斯,阿拉善左旗
格勒,阿拉善左旗
沧州,沧州
黄河涯,德州
晏城北,德州
陵城,陵城
商河,商河
泗县,泗县
林场,南京
亭子山,南京
仪征,仪征
如东,如东
高密北,高密
青岛机场,青岛
姚哥庄,胶州
胶州,胶州
即墨,即墨
黑旺,淄博
口头,淄博
上高镇,莱芜
烟台西,烟台
宿迁,宿迁
建湖,盐城
启东,南通
诸城,诸城
莒县,莒县
淮南东,淮南
蚌埠,蚌埠
肥西,合肥
天柱山,安庆
凉亭河,安庆
黄梅,黄梅
西道口,北京
白洋淀,保定
马头,磁县
卫辉,卫辉
小李庄,郑州
官亭,郑州
小商桥,许昌
漯河,漯河
确山,确山
普安,武汉
土地堂东,武汉
午汲,武安
彭城,邯郸
瑞昌,瑞昌
黄石东,黄石
测试1,北京
周口,周口
华容东,鄂州
涿州东,涿州
正定机场,石家庄
路口铺,路口铺
汨罗,汨罗
杨桥,邵东
黑石铺,韶山
衡山,衡山
鲤鱼江,郴州
马踏,茂名
电白,茂名
沥林北,惠州
小金口,惠州
南江口,云浮
三水南,佛山
天堂,天堂
初城,深圳
畲江,潮州
潮州,潮州
文安,文安
深州,深州
阜阳,阜阳
麻城,麻城
瑞昌西,瑞昌
柴桑,九江
南昌西,南昌
峡江,峡江
河源,河源
清凉店,武邑
龙华,景县
娘子关,阳泉
简子沟,阳泉
太原北,太原
平遥古城,平遥
霍州东,霍州
襄汾西,襄汾
里八庄,大同
高家会,岢岚
赵城,洪洞
王里堡,长治
长治,长治
孝南,孝义
阳泉曲,孝义
隔蒲,云梦
兴隆集,枣阳
枣阳,枣阳
云梦东,云梦
武当山,丹江口
向阳镇,紫阳
石柱槽,达州
蒲家,达州
金堂,金堂
渠县,渠县
禄市,华蓥
高兴,广安
唯亭,苏州
琵琶湖,九江
岩前,黄山
祁门,祁门
下明溪,景德镇
画桥,乐平
句容西,句容
溧水,南京
海宁西,海宁
嘉兴南,嘉兴
春申,上海
周王庙,杭州
四团,上海
塘雅,金华
蒋堂,金华
罗桥,上饶
弋阳,弋阳东
余江,余江
寺前,南昌
衙前,南昌
围里,丰城
罗坊,罗坊
西村,宜春
宣风,宜春
灯芯桥,萍乡
余姚,余姚
永泰,永泰
吕坊,临川
江边村,江边村
协塘,樟树
文竹,永新
奉化,奉化
温岭,温岭
德兴东,德兴
五府山,上饶
建瓯西,建瓯
福清,福清
延平东,延平
古田,古田
马尾,福州
苹林,龙岩
济南西,济南
合肥南,合肥
重庆西,重庆
贵阳北,贵阳
贵安,贵阳
滨海北,天津
广安门,北京
唐山南,唐山
test2,茶陵
卢龙,秦皇岛
百子湾,北京
高各庄,北京
安匠,承德
南湾子,承德
五道河,承德
闹海营,承德
河洛营,承德
广德号,承德
杨家营,赤峰
四分地,赤峰
红花沟,赤峰
莲花山,赤峰
孤山子,赤峰
三义井,敖汉旗
四合,赤峰
奈曼,奈曼旗
白音他拉,奈曼旗
育新,通辽
高桥北,葫芦岛
宣化北,张家口
西湾堡,张家口
阳高,阳高
堡子湾,大同
福生庄,卓资
萨拉齐,土默特右旗
乌兰花,集宁
三介海子,集宁
商都,集宁
三营图,集宁
白音特拉,集宁
苏吉达巴,通辽
大灰厂,北京
三合庄,北京
南城司,易县
大盘石,保定
下社,代县
临河,临河
乌海北,乌海
青铜峡,青铜峡
黄羊湾,中卫
镇罗堡,中卫
长城,白银
景泰,景泰
吴家窑,白银
朱家窑,白银
昆都仑召,包头
瓦窑坝,包头
东湾,白银
农垦四团,磴口县
图克木庙,阿拉善左旗
额济纳,额济纳旗
天津西,天津
唐官屯,静海
邹城,邹城
宿州,宿州
蚌埠东,蚌埠
担子,滁州
金寨,六安
红安西,红安
天平店,泰安
肥城,肥城
济铁建行,济南
枣庄东,枣庄
闸河,淮北
江口集,阜阳
济南东,济南
临淄北,淄博
湖田,淄博
临淄,临淄
芝兰庄,胶州
李哥庄,胶州
蓝村,蓝村
青岛,青岛
纯化,淄博
常庄,莱芜
司家岭,莱芜
长沙堡,莱阳
海阳北,海阳
芝罘,烟台
观音机场,徐州
如皋南,如皋
芦庙,亳州
含山南,马鞍山
合肥北城,合肥
长岗集,巢湖
潜山,安庆
松林店,涿州
新安村,正定
胜芳,霸州
汤阴,汤阴
宜沟,鹤壁
七里营,新乡
焦作东,武陟
老田庵,新乡
驻马店,驻马店
明港,明港
谌家矶,武汉
汉口,武汉
汉西,武汉
汤逊湖,武汉
北京西,北京
固安东,廊坊
磁山,武安
东戌,涉县
井店,涉县
东阳关,黎城
林县,安阳
花山所,武汉
鄂州东,鄂州
新店,武汉
鄂州,鄂州
铁山,鄂州
黄石,黄石
黄冈,黄冈
黄冈西,黄冈
葛店南,鄂州
徐水东,徐水
岳阳北,岳阳
大托铺,韶山
七斗冲,株洲
街洞,郴州
韶关东,韶关
乐同,广州
狮岭,广州
银盏,清远
常平,东莞
平湖,平湖
深圳东,深圳
阳西,阳江
道滘,东莞
银瓶,东莞
郁南,云浮
怀集,肇庆
新兴县,新兴县
春湾,春湾
茂名,茂名
化州,化州
梅州,梅州
兴国西,兴国
赣县北,赣州
牛驼,霸州
临西,聊城
淮滨,淮滨
团风,团风
浠水,浠水
共青城,共青城
三江镇,南昌
兴国,兴国
南康,南康
龙南,龙南
惠州西,惠州
于都北,赣州
阳泉,阳泉
河底,阳泉
牛车河,常德
常德,常德
应县,应县
袁树林,朔州
芦庄,朔州
高村,忻州
口泉,大同
北义井,忻州
蒋村,忻州
蔡家崖,兴县
汤阴东,汤阴
侯马北,侯马
襄垣,襄垣
孔庄,泽州县
合阳北,合阳
下辛店,武汉
长江埠,应城
谷城北,襄阳
丹江口,十堰
老河口东,老河口
京山,京山
胡家营,郧县
吕河,旬阳
早阳,安康
八庙,渠县
小桥,营山
河市坝,达州
临巴溪,渠县
长胜沟,华蓥
梁平,梁平
高资,南京
周泾巷,无锡
沧波门,南京
黄梅山,马鞍山
芜湖北,芜湖
江宁西,南京
狮子山,铜陵
池州,池州
竹峰,宣城
库前,乐平
江宁,南京
宜兴,宜兴
封浜,上海
新桥,上海
松江,上海
嘉兴,嘉兴
海宁,海宁
金山卫东,上海
海湾,上海
建德,杭州
三阳,黄山
金华南所,金华
义乌,义乌
横峰,横峰
遂昌,遂昌
东乡,东乡
江家,南昌
樟树,樟树
武义北,武义
彬江,宜春
东关镇,上虞
五夫,上虞
庄桥,宁波
宁波,宁波
新安江,建德
抚州,抚州
腾桥,抚州
济南,济南
胡王所,礼泉
北京丰台,北京
廊坊北,廊坊
杨村,天津
滨海,天津
张贵庄,天津
唐山,唐山
滦县,唐山
滦县东,滦县
石门,秦皇岛
后封台,天津
龙家营,秦皇岛
东戴河,绥中
军粮城北,天津
滨海西,天津
南堡北,唐山
唐海南,唐山
九王庄,天津
上仓,天津
开平,唐山
洼里,唐山
古冶,唐山
唐海,唐山
燕郊,三河
富庄子,唐山
北马圈子,承德
西大庙,承德
上板城南,承德
虎什哈,承德
五十家子,赤峰
山湾子,赤峰
嘎什吐,赤峰
瓦房,通辽
太平庄,通辽
高升北,盘锦
乌兰察布,乌兰察布
望京,北京
八达岭,北京
辛庄子,张家口
永嘉堡,大同
天镇,天镇
罗文皂,大同
丰镇,丰镇
永王庄,集宁
卓资山,卓资
陶卜齐,呼和浩特
公积坂,包头
清河,北京
北京北,北京
侯家庙,北京
大陆号,察哈尔右翼
贲红,察哈尔右翼
西里,二连浩特
二连,二连浩特
二道沟,集宁
保健,集宁
经棚,锡林浩特
下坑子,锡林浩特
大板,锡林浩特
宝木吐,锡林浩特
林东,通辽
道德,通辽
开鲁,通辽
乌日图,锡林浩特
雁翅,北京
沿河城,北京
东城乡,张家口
铁炉村,北京
平谷,天津
大石庄,天津
玉田北,唐山
罗家屯,唐山
十渡,北京
白涧,涞水
艾河,保定
灵丘,灵丘
哈业胡同,包头
四分滩,临河
巴彦高勒,磴口
乌海西,乌海
暖泉,银川
红卫,中卫
窦家沟,白银
邵家堂,兰州
兰州东,兰州
西斗铺,固阳
白云鄂博,白云鄂博
本井,阿拉善左旗
柳树沟,石嘴山
上腰墩,武威
白土梁,白银
苏宏图,阿拉善左旗
阿达日嘎,阿拉善左旗
东光,东光
三唐,德州
炒米店,济南
大河,泰安
洪沟,泰安
北集坡,泰安
南驿,泰安
太仓南,太仓
安亭西,上海
泗洪,泗洪
符离集,宿州
道朗,泰安
兰陵北,兰陵县
淄博北,淄博
青州市北,青州
大明湖,济南
平陵城,章丘
昌乐,昌乐
潍坊,潍坊
四方,青岛
桓台,桓台
南定,淄博
大昆仑,淄博
西桐古,淄博
莱阳,莱阳
烟台,烟台
文登东,威海
荣成,荣成
阜阳西,阜阳
安吉,安吉
桐城东,桐城
柯坦,巢湖
窦店,北京
邢台,邢台
邯郸,邯郸
孝感,孝感
余家湾,武汉
武昌南,武汉
西石门,沙河
林村,邯郸
新坡,邯郸
磁西,武安
悬钟,涉县
峰峰,邯郸
武陟,焦作
宋寨,郑州
肖马杨所,武汉
华容,鄂州
阳新,阳新
下陆,黄石
灵乡,武汉
仙桃,仙桃
项城,周口
长沙,长沙
洪梅,东莞
东莞港,东莞
深圳机场,深圳
英德,英德
龙塘镇,清远
新塘,广州
樟木头东,东莞
佛山,佛山
盐步所,佛山
肇庆,肇庆
大降坪,深圳
华城,华城
狮山北,佛山
龙南东,赣州
台前,台前
梁山,梁山
朱店,浠水
孔垄,九江
九江,九江
永修,永修
乐化,南昌
吉安,吉安
井冈山,井冈山
赣州东,赣州
茅头山,南昌
建宁南,建宁
良村,石家庄
辛集,辛集
程家,阳泉
上湖,榆次
芦家庄,榆次
太原,太原
望城,望城
长沙西,长沙
平社,忻州
青羊湾,大同
陈家沟,宁武
古东,古交
岚县,岚县
修文,榆次
太谷,太谷
佛峪,榆次
台曲,榆社
常家,侯马
西贺村,侯马
韩城,韩城
垣曲,侯马
董岗,枣阳
简家坡,襄阳
安陆西,安陆
丹江,老河口
殷家河,谷城
紫阳,紫阳
高滩,紫阳
万源,万源
毛坝,达州
达州,达州
清平,重庆
黄桷所,重庆
新闸镇,常州
石塘湾,无锡
中华门,南京
繁昌西,繁昌
铜陵,铜陵
龙桥,庐江
巷口桥,宣城
景德镇南,景德镇
甘棠,乐平
中村,乐平
德清,德清
长兴南,长兴
湖州西,湖州
嘉善南,嘉兴
梅陇,上海
金山卫西,上海
桐庐,杭州
杭州南,杭州
上铺,衢州
湖沿,上饶
金桥,上饶
坑口,上饶
梁家渡,南昌
永康南,永康
分宜,分宜
板杉铺,醴陵
羊石,醴陵
钱清,萧山
马渚,余姚
蜀山,余姚
将乐,将乐
三明北,三明
长庆,永泰
董家,樟树
洲湖,安福
怀忠,永新
宁德,宁德
巢湖东,合肥
铜陵北,铜陵
南平北,南平
闽清北,闽清
童家,鹰潭
庆元,庆元
向塘西,南昌
张家山,樟树
天井,新余
新余,新余
千岛湖南,建德
夏茂,沙县
罗陂岗,临川
八景,樟树
颍江,樟树
建山,樟树
厚溪,永新
瑞安,瑞安
延平西,南平
漳平西,漳平
古田北,古田
福州南,福州
顺昌,顺昌
屏南,屏南
支提山,宁德
麦园,麦园
漳平,漳平
华安,华安
杏林,厦门
小舟,安溪
井口,重庆
白涛,涪陵
黄草场,彭水
秀山,秀山
梅江,秀山
锦和,锦和
向韶,湘潭
川水,新化
芷江西,芷江西
安仁,安仁
桐木寨,凯里
凯里,凯里
茶园,娄底
金星铺,邵阳
零陵,零陵
江华,江华
容县,玉林
桂林西,桂林
祁阳北,祁阳
黄沙河,桂林
全州,全州
绍水,桂林
大溶江,桂林
来宾北,来宾
梧州南,梧州
凤凰,凤凰
长塘,邕宁
南宁南,南宁
凭祥北,凭祥
拉洞,柳州
百浪,钦州
长塘所,衡阳
雷州,雷州
徐闻,徐闻
洛东,柳州
龙井村,柳州
贵定南,贵定
乐埠,都匀
观音阁,贵阳
麻芝铺,贵阳
普洛,柳州
雅脉,柳州
员外庄,曲阜
莒南北,莒南
济宁,济宁
菏泽南,菏泽
东明县,东明县
连云港东,连云港
响水县,盐城
连云港,连云港
夏邑县,夏邑县
野鸡岗,商丘
开封,开封
榆中,兰州
灵宝西,灵宝
中原,郑州
潼关,潼关
永寿,永寿
长庆桥,庆阳
彬州东,彬县
茂陵,咸阳
兴平,兴平
天水,天水
杨家河,天水
新阳镇,新阳镇
武山,武山
唐家堡,兰州
甘草店,兰州
夏官营,夏官营
骆驼巷,兰州
桑园子,兰州
庄里,渭南
蒲城,蒲城
西社,白水
黄陵南,黄陵
甘泉北,甘泉
锦界,榆林
扎囊,扎囊
韩家楼,五寨
砚川,商洛
唐河,唐河
罗山,罗山
庙庄,平凉
平凉,平凉
王团庄,中卫
宣和,中卫
大通西,西宁
永登,永登
古浪,古浪
武威,武威
玉石,金昌
马莲井,金昌
张掖,张掖
临泽,临泽
许三湾,酒泉
酒泉,酒泉
大草滩,嘉峪关
低窝铺,低窝铺
柳沟,柳沟
峡东,敦煌
哈密南,哈密
哈密东,哈密
桃儿沟,吐鲁番
达坂城,吐鲁番
乌兰乌苏,石河子
甘河子,奎屯
托托,奎屯
冰沟,嘉峪关
吐鲁番北,吐鲁番
鄯善北,鄯善
大河沿,吐鲁番
胜利桥,吐鲁番
下新光,吐鲁番
和静,和静
幸福滩,库尔勒
二八台,库尔勒
柯坪,阿克苏
霍尔果斯,霍城
昆玉,昆玉
海石湾,海石湾
若羌,若羌
尼木,尼木
沱沱河,格尔木
王堂,汝州
交界,汝州
蒲山店,南阳
穰东,邓州
邓州,邓州
耿坡,邓州
绿梁山,海西州
鱼卡,海西州
肃北,肃北
宜城,宜城
当阳,当阳
周家寨,吉首
于田,和田
会同,会同
融安,融安
宜昌东,宜昌
渭源,定西
漳县,定西
哈达铺,陇南
临江铺,陇南
苍溪,苍溪
南充南,南充
观音山,宝鸡
凤州,凤县
徽县,徽县
横现河,汉中
阳平关,宁强
石马坝,绵阳
天回镇,成都
西乡,西乡
三花石,汉中
缯溪河,安康
梅子铺,安康
安家湾,广元
尚武,广元
黄洋,广元
孝泉,德阳
汉旺,德阳
巴中,巴中
雪门寺,广汉
穿心店,广汉
木瓜坪,广汉
清流场,广汉
谭家场,都江堰
彭州南,成都
郫县东,成都
安德,成都
曾口,巴中
范店子,乐山
沙湾南,乐山
邛崃,成都
朝阳湖,成都
雅安,雅安
大英东,大英
陶家沟,成都
椑木镇,内江
石燕桥,内江
李市镇,内江
白沙,江津
内江南,重庆
田梁子,昭通
梨树湾,重庆
洋县西,洋县
阿房宫,西安
桐梓北,桐梓
遵义,红花岗
七龙星,重庆
民福寺,重庆
太白,遵义
红花园,遵义
艾田,遵义
新萝村,贵阳
万盛东,万盛
砚石台,重庆
新津,成都
乐山,乐山
回龙庵,成都
太和,乐山
思,乐山
下普雄,西昌
普雄,越西
联合乡,西昌
西昌北,西昌
麻栗,西昌
沙坝,攀枝花
南华,南华
师庄,攀枝花
阿南庄,昆明
甸心,禄丰
大理北,大理
上关,大理
通海,通海
河口北,河口
晋宁东,昆明
广南县,广南
昆明南,昆明
芦沟,罗平
清水河西,兴义
板桃,田林
下塘,百色
普定,安顺
扒挪块,六盘水
马房,曲靖
格以头,曲靖
炎方,曲靖
楚雄南,楚雄
沙桥,楚雄
法启,大方
都格,水城
平关,盘县
沙沱,盘县
月亮田,盘县
小云尚,盘县
黑土凹,昆明
雨过铺,开远
古屯,开远
陵水,陵水
博鳌,琼海
琼海,琼海
儋州,儋州
前卫,兴城
网户,兴城
兴城,兴城
高桥镇,葫芦岛
老城镇,澄迈
金城,锦州
红旗,锦州
羊圈子,北宁
青堆子,盘锦
大虎山,黑山
石狮,沈阳
五七,盘锦
马仗房,锦西
李家沟,北票
朝阳西,朝阳
水泉,凌源
平泉,承德
甲山,承德
二龙,宁城
乃林,喀喇沁旗
杨杖子,凌源
北磴,锦西
四家子,建昌
刘屯,锦西
平泉北,承德
小梁山,阜新
小东,阜新
望山,黑山
黑山,黑山
新立屯,黑山
五峰,彰武
通辽,通辽
大青沟,科尔沁左翼
钱家店,通辽
乌斯土,通辽
大林,科尔沁左翼
清河桥,通辽
开原西,开原
营口东,营口
鲅鱼圈,营口
南台,海城
左港,临川
金田,安福
攸县,攸县
北仑,宁波
永平,铅山
上虞南,绍兴
乐清东,温州
都昌,都昌
开化,衢州
雁石南,龙岩
德兴,德兴
红星所,南平
福州南,福州
泉州,泉州
周宁,周宁
水南,南平
樟岚所,福州
樟林,福州
冠豸山南,龙岩
白马,武隆
石子坝,黔江
甘家坝,黔江
龙池,秀山
十里石,湘乡
娄底,娄底
枫林,阳新
金滩,新化
渠江,新化
双井,新化
溆浦,溆浦
仁里冲,怀化
大龙,怀化
炎陵,炎陵
衡南,衡南
半边街,都匀
金家,娄底
双牌,双牌
梧州,梧州
五通,五通
百里村,桂林
桂林,桂林
来宾,来宾
长岗岭,南宁
南宁,南宁
双峰北,双峰
那罗,南宁
吴圩,南宁
大王滩,南宁
钦州,钦州
邵阳西,邵阳
兴业,兴业
文地,文地
吴川,湛江
湛江,湛江
龙门镇,龙门镇
德胜,河池
泗亭,金城江
墨冲,都匀
清泰坡,都匀
肯普,柳州
和气庄,曲阜
朱保,曲阜
相邸,日照
日照西,日照
费县北,费县
长垣,长垣
滑县南,滑县南
大召营,新乡
获嘉,获嘉
焦作西,焦作
邵岗集,开封
圃田西,郑州
郑集,徐州
沛县,徐州
萧县北,萧县
济宁东,济宁
小北山所,济宁
礼泉南,礼泉
渑池南,渑池
巩义,巩义
新安县,新安县
孟塬,渭南
礼泉,礼泉
西安,西安
武功,武功
云田乡,天水
定西,定西
王家湾,兰州
孝北堡,铜川
铜川南,铜川
孙镇,渭南
苏家坡,渭南
洞子崖,渭南
甘泉,甘泉
蟠龙镇,延安
田庄镇,延安
榆林,榆林
关碾房,鄂尔多斯
纳林沟门,鄂尔多斯
长箐,六枝
山南,山南
王家寨,保德
丹凤,丹凤
叶集,六安
三关口,中卫
三营,中卫
石坝,中卫
柳沟南,柳沟
临泽南,临泽
陈家湾西,兰州
马家坪,兰州
小青阳口,金昌
玉门,玉门镇
桥湾,玉门
芨芨槽子,乌鲁木齐
昌吉,乌鲁木齐
古河,奎屯
沙泉子,博乐
镜铁山,镜铁山
托克逊,吐鲁番
国光,吐鲁番
八棵树,库尔勒
策达雅,库尔勒
塔拉克,库尔勒
金银川,阿克苏
阿图什,阿图什
伊宁东,伊宁县
莎车,莎车
克拉玛依,克拉玛依
张家祠,西宁
平安驿,平安
西宁西,西宁
海晏,西宁
长宁堡,西宁
大通县,西宁
捏掌,捏掌
王庄,王庄
白合,洛阳
宝丰,平顶山
鲁山,鲁山
构林,邓州
特门,海西州
大头羊,海西州
余家湖,襄阳
玉泉镇,和田
靖州,靖州
荆州,荆州
潜江,潜江
仙桃西,仙桃
野三关,恩施
利川,恩施
阆中,阆中
秦岭,凤县
凤县,凤县
宏庆,两当
朝天南,广元
马角坝,江油
江油,江油
罗江,德阳
成都,成都
汉中,汉中
涧池铺,安康
彭州,成都
犀浦,成都
郫县,成都
郫县西,成都
聚源,成都
都江堰,成都
青城山,成都
迎宾路,成都
佑君,西昌
漫滩,西昌
崇州,成都
大邑,成都
石子山,北碚
简阳南,简阳
大足南,大足
永川东,永川
养马河,成都
白马北,内江
内江东,内江
油溪,永川
伏牛溪,永川
茄子溪,永川
凌家场,重庆
豆坝,宜宾
盐津北,盐津
岔河,昭通
福溪,宜宾
金沙湾,宜宾
巡场,宜宾
朝天,朝天
鄠邑,西安
赶水东,重庆
夏坝,重庆
广兴,重庆
两河口,重庆
蒙渡,遵义
九龙塘,遵义
李家湾,遵义
大寨,贵阳
开阳,贵阳
南江,贵阳
南江,贵阳
百宜,贵阳
鸭江,重庆
新都东,成都
犍为,犍为
宜宾西,宜宾
镇雄,镇雄
华兴村所,成都
峨边,峨边
长河坝,西昌
汉源,汉源
埃岱,西昌
南尔岗,西昌
阿寨,西昌
白石岩,西昌
弯坵,攀枝花
丙谷,攀枝花
迤资,攀枝花
龙骨甸,昆明
甸尾,禄丰
牧羊村,昆明
小湾东,南涧
丽江,丽江
巴关河,西昌
格里坪,西昌
中谊村,昆明
建水北,建水
野象谷,景洪
陆良,陆良
八渡,册亨
二道岩,六盘水
茨冲,六盘水
黑老湾,曲靖
曲靖,曲靖
马龙,曲靖
小新街,昆明
金马村,昆明
赤木岭,楚雄
楚雄西,楚雄
发耳,盘县
平河口,曲靖
红果,盘县
文阁,曲靖
昆明北,昆明
白沙冲,开远
长流,海口
崖州,三亚
三亚,三亚
海口东,海口
盘山,盘山
绥中,绥中
塔山,锦西
凤凰机场,三亚
高山子,盘锦
励家,沈阳
新民,沈阳
辽中,沈阳
薛家,锦州
七里河,义县
公营子,喀喇沁左翼
大杖子,承德
平庄南,喀喇沁旗
田家沟,凌源
金杖子,喀喇沁左翼
建北,建昌
九道岭,北票
新邱,阜新
甘旗卡,科尔沁左翼
木里图,通辽
乌兰基,通辽
大罕,通辽
欧里,双辽
德惠西,长春
崔家营子,长春
四平东,四平
大连,大连
熊岳城,鲅鱼圈
唐王山,海城
辽阳,辽阳
太子河,辽阳
沈阳,沈阳
沈阳北,沈阳
虎石台,沈阳
乱石山,铁岭
十家堡,长春
郭家店,四平
大连西,大连
营城子,大连
前阳南,丹东
旗杆底,金州
偏岭镇,岫岩
碱厂,本溪县
姚千户屯,本溪
火连寨,本溪
连山关,本溪县
林家台,本溪
鸡冠山,本溪
小市,本溪县
田师府,本溪县
灌水,丹东
永甸,宽甸
长甸,丹东
孤家子,沈阳
琥珀湖,抚顺
华蓥,华蓥
天府北,重庆
凉雾,恩施
丰都,丰都
镇江,镇江
丹阳,丹阳
戚墅堰,常州
无锡,无锡
浒墅关,苏州
苏州,苏州
正仪,昆山
陆家浜,昆山
上海西,上海
马鞍山东,马鞍山
芜湖南,芜湖
钟鸣所,庐江
庐江南,庐江
北郊,上海
歙县,黄山
黄山,黄山
大云,湖州
德清西,德清
松江南,上海
七宝,上海
嘉善,嘉兴
乔司,杭州
杭州,杭州
芦潮港,上海
千岛湖,杭州
钱塘江,杭州
白龙桥,金华
朱家坑,上饶
贵溪,贵溪
鹰潭,鹰潭
温家圳,南昌
河下,新余
姚家洲,萍乡
峡山口,萍乡
姚家坝,醴陵
绍兴东,上虞
丈亭,余姚
金华西,金华
建宁县北,建宁
梅林,樟树
新祉,分宜
石芬,分宜
茶陵西,茶陵
嵊州新昌,绍兴
天台山,台州
台州,台州
乐清,乐清
太姥山,福鼎
霞浦,霞浦
泾县,宣城
旌德,宣城
延平,延平
仙游,莆田
厦门北,厦门
外洋,南平
三元区,三明
漳州东,漳州东
福州,福州
福州东,福州
长乐东,福州
平潭,平潭
大深,漳平
福德,漳平
安溪,安溪
龙山镇,南靖
于都,于都
会昌北,会昌
洛碛,成都
酉阳,酉阳
桃映,桃映
楼子下所,南康
普安堂,湘乡
石泉,涟源
西河,新化
攸县南,攸县
全州南,全州
北流,北流
恭城,恭城
祁阳,祁阳
紫溪,永州
严关乡,桂林
永福南,永福
金鸡村,南宁
大拟,钦州
小董,钦州
安江东,洪江
西渡,衡阳
遂溪,遂溪
塘口,湛江
太阳村,柳州
叶茂,河池
金城江,金城江
六甲,河池
大土,贵阳
贵阳,贵阳
上朝,柳州
平寨,柳州
平邑,平邑
莒南,莒南
日照,日照
朱庄,兖州
嘉祥,嘉祥
夏官屯,兖州
菏泽,菏泽
滨海港,盐城
墟沟,连云港
杏花营,开封
南寺,郑州
刘集,徐州
崔寨,徐州
沛屯,徐州
济宁北,济宁
东岔,天水
临潼东,西安
三门峡南,三门峡
上街,上街
高阳,天水
富平,渭南
张家船,渭南
富县,富县
道镇,延安
北塬,白水
洛川东,洛川
富县东,富县
绥德,绥德
牛家梁,榆林
神木南,神木
神木北,神木
神木,神木
万水泉南,鄂尔多斯
大树湾,鄂尔多斯
乌兰木伦,鄂尔多斯
神东,鄂尔多斯
府谷,府谷
神池南,神池
营镇,商洛
柞水,柞水
小河镇,旬阳
渭南南,渭南
六安,六安
冯家山,凤翔
陇县,陇县
史家铺,陇县
崇信,平凉
褚家湾,中卫
土桥子,中卫
长农,中卫
门源,海北州
金昌,金昌
屯升,酒泉
清水,清水
肃州,酒泉
金塔,酒泉
黑山湖,玉门
景峡,哈密
烟墩,哈密
哈密,哈密
火焰山,吐鲁番
后沟,吐鲁番
乌拉泊,乌鲁木齐
乌鲁木齐南,乌鲁木齐
艾比湖,博乐
双河市,双河
桥西,嘉峪关
阳霞,库尔勒
雅克拉,库尔勒
新和,新和
阿克苏,阿克苏
八盘磨,喀什
和硕,和硕县
尼勒克,尼勒克
英吉沙,英吉沙
泽普,泽普
和田,和田
河湾,西宁
水车湾,西宁
莲花台,西宁
西宁,西宁
刚察,德令哈
天峻,德令哈
锡铁山,德令哈
格尔木,格尔木
当雄,拉萨
关林,洛阳
瀼河,汝州
草店,汝州
小柴旦,海西州
东山,海西州
大柴旦,海西州
小烟墩,当阳
谷达坡,吉首
塘豹,怀化
牙屯堡,牙屯堡
塘库,三江县
汉川,汉川
桔柑,陇南
龙桂,南部
青石崖,宝鸡
七里坪,汉中
大滩,广元
德阳,德阳
治江,汉中
石泉县,石泉
乐坝,广元
扬嘉,德阳
红白场,广汉
蒲阳,都江堰
三道堰,成都
李冰广场,成都
峨边南,乐山
米易东,米易
攀枝花南,攀枝花
永仁,永仁
下太和,合川
三星,遂宁
璧山,璧山
半边山所,重庆
五凤溪,成都
资阳,资阳
富顺,自贡
平等,永川
保平所,重庆
一步滩,宜宾
邓家湾,昭通
彝良南,昭通
昭通北,昭通
草海,威宁
清水沟,昭通
汉王山,宜宾
小关溪,昭通
苍坪,昭通
童家溪所,重庆
桐梓东,桐梓
小南垭,重庆
綦江,綦江
新场,遵义
凉风垭,遵义
遵义西,遵义
久长,贵阳
大水沟,贵阳
万盛,重庆
青莲,江油
双流机场,成都
双流西,成都
新津南,成都
彭山北,彭山
青神,青神
屏山,屏山
大方,大方
马村,乐山
刘沟,乐山
铁西,西昌
尔赛河,西昌
尼波,西昌
月华,西昌
德昌,德昌
乐跃,西昌
蒲坝,西昌
大湾子,昆明
元谋,元谋
羊臼河,昆明
塔石嘴,昆明
一平浪,禄丰
渔坝村,昆明
禄丰,禄丰
高楼房,昆明
温泉,昆明
大苴,楚雄
渡口,西昌
弄弄坪,西昌
中滩,昆明
玉溪南,玉溪
屏边,屏边
普家村所,昆明
阳圩,百色
富宁,富宁
革居,兴义
威舍,兴义
潞城乡,田林
新坪田,昆明
马场,贵阳
黄桶,安顺
双水,六盘水
梅花山,六盘水
背开柱,六盘水
沾益,沾益
南华北,楚雄
八步,织金
大湾,六盘水
六盘水南,六盘水
功山,东川
小喜村,昆明
西秀镇所,澄迈
大甸,兴城
临高南,临高
八里,锦州
道口,锦州
唐家,沈阳
兰家屯,沈阳
盘锦,盘锦
拉拉屯,海城
南票,锦州
葫芦岛北,葫芦岛
周家屯,义县
上园,北票
南岭,北票
辽宁朝阳,朝阳
凌海南,锦州
小平房,建平
河汤沟,凌源
平庄,赤峰
宁城,宁城
马林,赤峰
刀尔登,凌源
任家店,锦西
玉溪西,玉溪
伊吗图,阜新
阿金,阜新县
大巴,阜新县
芳山镇,黑山
衙门营,通辽
铁岭西,铁岭
松树,大连
灯塔,灯塔
新台子,铁岭
开原,开原
双庙子,开原
夏家河,大连
东港北,丹东
北井子,丹东
泉水屯,金州
营口,营口
新甸,岫岩
陈相屯,本溪
本溪湖,本溪
金坑,本溪
祁家堡,本溪县
五龙背,丹东
温泉寺,本溪
泉水,本溪县
大堡,丹东
龙爪沟,丹东
坦甸,丹东
抚顺,抚顺
米沙子,长春
柴岗,长春
塔虎城,大安
查干湖,松原
德伯斯,乌兰浩特
曲家店,四平
卧虎屯,四平
街基,齐齐哈尔
乌兰昭,乌兰昭
立志,立志
林源,林源
通辽北,通辽
莫莫营子,扎鲁特旗
扎鲁特,通辽
红旗营,红旗营
哈拉苏,哈拉苏
旗山,旗山
乌奴耳,乌奴耳
小北,小北
牙克石,牙克石
乌兰丘,乌兰丘
都伦,都伦
新绰源,新绰源
阿尔山北,阿尔山
根河,根河
喀喇其,海拉尔
阿里河,阿里河
恒地营,恒地营
伊拉哈,伊拉哈
哈达阳,哈达阳
讷尔克气,讷尔克气
塔尔根,塔尔根
北安,北安
龙门河,龙门河
辰清,辰清
孙吴,孙吴
太平桥,哈尔滨
张维屯,张维屯
海北,海北
李家,李家
试验,昆明
双丰,双丰
铁力,铁力
界山,铁力
得莫利,哈尔滨
友好,友好
五营,五营
乌马河,乌马河
鹤立,鹤立
升昌,升昌
二道岗,二道岗
同江,同江
双柳,双柳
亚布力西,哈尔滨
卫星,卫星
东方红,东方红
柳毛,柳毛
帽儿山,帽儿山
虎峰,虎峰
拉古,拉古
大兴沟,汪清
宁安,宁安
安家,安家
平安,舒兰
棋盘,吉林
吉舒,舒兰
孤店子,吉林
吉林,吉林
小姑家,蛟河
黄松甸,蛟河
大川,蛟河
葆园,延吉
龙井,龙井
沈阳东,沈阳
世博园,沈阳
将军堡,抚顺
抚顺北,抚顺
营东,抚顺
南杂木,新宾
英额门,清原
兴隆河,清原
六家,辉南
吉林西,吉林
白泉,辽源
渭津,辽源
干沟,通化县
铁厂,通化县
道清,白山
松岭,临江
大栗子,临江
江源,江源
氡泉,抚松
仙人桥,抚松
文水,文水
靖边,靖边
太阳山,盐池
环县,环县
八方山,长沙
观沙岭,长沙
树木岭,长沙
田心东,株洲
株洲南,株洲
襄阳东,襄阳
鹰潭北,鹰潭
韶山南,韶山
怀化南,怀化
许昌东,许昌
武汉,武汉
广州南,广州
香港边界,香港
香港西九龙,香港
南头,中山
中山北,中山
鄂尔多斯,鄂尔多斯
姑家堡,集宁
乌兰胡同,包头
廊坊,廊坊
苏州北,苏州
石家庄东,石家庄
辛集南,石家庄
陵县所,德州
齐河,德州
沈阳西,沈阳
清潭,梅州
谷立,贵阳
水富,水富
铜鼓溪,宜宾
双柳,韶关
丽春,成都
隆安,隆安
岔江,兴义
罗平,罗平
师宗,师宗
毕家,天津
火龙岗,南京
江益,南昌
天通庵,上海
永定,永定
田水井,济南
八都,南昌
铁石口,赣州
铅山西,上饶
聂各庄,北京
牡丹江客段,牡丹江
包头客运段,包头
福龙公司,南昌
金温客运段,上海
襄阳客运段,襄阳
乌局库段补,乌鲁木齐
锦州客运段,锦州
大连客运段,大连
重庆客运段,重庆
尤溪,尤溪
大岗,大岗
上塘,樟树
茶陵,茶陵
临海,临海
平阳,平阳
苍南,苍南
连江,连江
景德镇北,景德镇
永安南,永安
歙县北,黄山
晋江,晋江
资溪,资溪
青州,沙县
角美,龙海
厦门,厦门
厦门,厦门
魁岐,福州
坂尾,龙岩
草坂,漳州
瑞金,瑞金
会昌北,会昌
长汀南,长汀
鱼嘴,江北
高谷,彭水
核桃园,黔江
黔江,黔江
小浩,秀山
旗口,南康
姜畲,湘潭
夏坪溪,新化
怀化,怀化
龙市,井冈山
茶陵南,茶陵
施秉,施秉
六个鸡,凯里
黄丝,都匀
韶山,韶山
芦洪市,芦洪市
兴安北,兴安
江永,江永
贺州,贺州
钟山西,钟山
祁东,祁东
兴安,兴安
柳州,柳州
藤县,藤县
濑湍,濑湍
亭亮,亭亮
宁明,宁明
夏石,夏石
龙婆,柳州
马皇,钦州
洞口,邵阳
咸塘,衡阳
湛江北,湛江
新墟,柳州
洛满,洛满
加必屯,河池
关东,河池
朱石寨,都匀
星朗,都匀
石板哨,贵阳
大沙坡,柳州
临沂,临沂
坪上,日照
厉家寨,临沂
封丘,封丘
塔铺,新乡
新乡南,新乡
焦作,焦作
晋城东,晋城
赣榆北,连云港
夹河寨,徐州
砀山,砀山
虞城县,虞城
李门楼,商丘
兰考,兰考
中牟,中牟
涟水,涟水
徐州东所,徐州
民权北,民权
鸿宝所,郑州
嘉祥北,济宁
巨野北,菏泽
下小岔,定西
咸阳北,咸阳
大荔,大荔
巩义南,巩义
郑州西,荥阳
汜水,巩义
华州,渭南
临潼,临潼
黄家寨,咸阳
咸阳,咸阳
眉县东,宝鸡
渭滩,天水
鸳鸯镇,天水
户县,户县
耀州,铜川
坡底村,渭南
九燕山,延安
米脂,米脂
神木西,神木
黄羊城,神木
镇安,镇安
旬阳北,旬阳
商南,商南
商城,商城
千阳,千阳
安口窑,华亭
彭阳,中卫
固原,固原
韩府湾,中卫
同心,同心
艾家村,中卫
高台南,高台
天祝,天祝
黄羊镇,武威
金川,金昌
芨岭,金昌
河东里,酒泉
柳园西,敦煌
小泉东,敦煌
照东,敦煌
尾亚,哈密
思甜,哈密
盐泉,哈密
火石泉,哈密
二堡,哈密
红层,哈密
红山口,吐鲁番
头道河,吐鲁番
芨东,乌鲁木齐
大丰,石河子
石河子,石河子
博乐东,博乐
绿化,绿化
鱼儿沟,乌鲁木齐
库尔勒,库尔勒
库北,库尔勒
库西,库尔勒
野云沟,库尔勒
帕满,阿克苏
阿克陶,阿克陶
皮山,皮山
富蕴,富蕴
湟源,湟源
察汗诺,海西州
西宁北,西宁
陶家寨,西宁
肯德隆,海西州
茶卡,海西州
曲水县,拉萨
那曲,那曲
沁阳,沁阳
济源,济源
武村,济源
龙门南,洛阳
彭婆,洛阳
九里山,南阳
董庄,南阳
夏集,邓州
阿克塞,阿克塞
岩屋庙,当阳
泉河,当阳
官亭塔,张家界
禾家村,张家界
施溶溪,张家界
猛洞河,猛洞河
吉首,吉首
吉首南,吉首
民丰,和田
双蒙,融水
寨隆,柳城
长阳,长阳
岷县,定西
羊木,广元
马蹄湾,略阳
徐家坪,略阳
略阳,略阳
乐素河,略阳
燕子砭,宁强
广元,广元
广元南,广元
竹园坝,广元
皂角铺,绵阳
青白江,广汉
阿瓦提,阿克苏
城固,城固
白水,广元
永郎西,西昌
月华西,西昌
元谋西,元谋
温江,成都
洪安乡,成都
陈家湾,成都
灵仙庙,成都
庙子沟,成都
顺河场,成都
茅店子,内江
自贡,自贡
隆昌,隆昌
小南海,永川
俞冲,自贡
王场,自贡
滩头,盐津
曾家坪子,昭通
赛金桥,宜宾
卷子榜,宜宾
豆沙关,昭通
迤那,六盘水
沙坪坝,重庆
剑门关,剑门关
长田湾所,贵阳
綦江北,重庆
石门坎,重庆
桐梓,桐梓
遵义北,遵义
遵义南,遵义
息烽,息烽
干坝子,贵阳
榕江,榕江
南川,重庆
水江,重庆
清镇西,贵阳
峨眉山,峨眉山
代湾,乐山
西昌,西昌
黄水塘,西昌
黄家坝,西昌
三堆子,攀枝花
新江,攀枝花
尹地,昆明
广通北,禄丰
双湄村,昆明
密马龙,昆明
秋木园,昆明
桥头村,昆明
碧鸡关,昆明
丽江东,丽江
倮果,西昌
唐房村,昆明
李浩寨,建水
宝峰,昆明
普洱,普洱
普者黑,丘北
弥勒,弥勒
羊者窝,罗平
汪甸,百色
永乐,百色
靖西,靖西
高峰,贵阳
平坝,贵阳
天龙,贵阳
两所屯,安顺
么铺,安顺
化处,安顺
滥坝,六盘水
且午,曲靖
红土沟,曲靖
昆明西,昆明
姚安,楚雄
茅草坪,盘县
营街,水城
基长,曲靖
喜鹊乐,曲靖
广卫村,昆明
草坝,开远
仁和村,开远
官家山,开远
蒙自,开远
万宁,万宁
美兰,海口
近海,沈阳
黄流,乐东
乐东,乐东
新开,海城
锦州南,锦州
台安,台安
义县,义县
姜家窝铺所,朝阳
凌源东,凌源
凌源,凌源
侯杖子,凌源
四道沟,凌源
下板城,承德
南桥,葫芦岛
杨树湾,锦西
大徐屯,锦西
柳树屯,葫芦岛
艾友营,北票
姚堡,阜新
扶余北,扶余
昌图西,昌图
海城西,海城
金普,大连
盖州,盖州
得胜台,铁岭
丹东西,丹东
青堆,大连
皮口,大连
广宁寺,大连
清水河,普兰店
夹心子,大连
北台,本溪
歪头山,本溪
南陵,芜湖
武夷山北,武夷山
南平市,武夷山
永安,永安
梅水坑,漳平
前场,龙海
厦门高崎,厦门
苏坂,龙岩
上杭,上杭
庙坝,渝北
长寿,长寿
石沱,涪陵
涪陵,涪陵
彭水,彭水
保家楼,彭水
冯家坝,黔江
麻旺,酉阳
梅关,大余
双江,湘乡
冷水江西,冷水江
陈家台,怀化
镇远,镇远
水花,凯里
加劳,凯里
富川,贺州
信宜,信宜
新桥铺,祁东
井头墟,井头墟
桂平,桂平
万宝镇所,娄底
邵东,邵东
渠黎,渠黎
崇左,崇左
上石,凭祥
隘口,柳州
大元,南宁
康熙岭,钦州
防城,防城港
防城港,防城港
隆回,邵阳
湛江西,湛江西
柳城,柳州
宜州,宜州
长山,河池
南丹,南丹
峰洞,都匀
学庄,都匀
龙里,龙里
温平,贵阳
鲁舒,曲阜
泗水南,泗水
田桥,菏泽
辛集镇,菏泽
东堡城,新乡
延津,延津
射阳,盐城
云台山,连云港
东海县,东海
新沂,新沂
大湖,徐州
民权,民权
铜山所,铜山
通渭,定西
渭南北,渭南
华山北,华阴
洛阳龙门,洛阳
三门峡西,三门峡
窑村,西安
福临堡,宝鸡
南河川,天水
土店子,天水
宜阳,洛阳
阎良,阎良
卜家沟,铜川
寺沟,耀县
延安,延安
神木北,神木
东胜,鄂尔多斯
黄桶北,普定
六枝南,六枝
冷坝,水城
西安南,西安
火烧寨,陇县
新李,平凉
李旺,中卫
中宁南,中卫
清泉南,玉门
清水北,清水
民乐,民乐
中堡,兰州
二十里店,吐鲁番
盐湖,吐鲁番
军户,乌鲁木齐
呼图壁,乌鲁木齐
奎屯,奎屯
奎屯西,奎屯
高泉,奎屯
精河,精河
颖川堡,兰州
白杨河,吐鲁番
乌北,乌鲁木齐
吐哈,鄯善
望布,吐鲁番
库鲁克,库尔勒
轮台,轮台
羊塔克库都,阿克苏
喀拉玉尔滚,阿克苏
巴楚,巴楚
伊宁,伊宁
塔城,塔城
德令哈,德令哈
安多,那曲
伊川,伊川
高河,汝州
庙下,汝州
汝州,汝州
小屯街,汝州
商酒务,汝州
闻庄,南阳
青龙沟,海西州
马海,海西州
安福寺,当阳
雅畈,枝城
赶子幽,枝城
谭家河,张家界
七松,张家界
排口,吉首
天门南,天门
恩施,恩施
南充北,南充
白水江,略阳
红卫坝,汉中
冉家河,广元
走马岭,广元
昭化,广元
小溪坝,广元
双河口,江油
新都,成都
洋县,洋县
汉阴,汉阴
两路口,广汉
阳镇,广汉
马街,成都
犀浦东,成都
红光镇,成都
石梯,达州
白蜡坪,达州
名山,雅安
石桥镇,成都
简阳,简阳
侯家坪,成都
登瀛崖,成都
资中,资中
广顺场,永川
荣昌,荣昌
双石桥,永川
柏林,永川
朱杨溪,江津
古家沱,永川
江津,江津
石场,永川
重庆南,重庆
大山铺,自贡
沙沙坡,昭通
彝良,彝良
老锅厂,南充
珙县,宜宾
李子沟,六盘水
江油北,江油
城固北,城固
赶水,綦江
三元坝,遵义
娄山关,遵义
董家坪,遵义
小寨坝,遵义
蓬莱,贵阳
花龙门,成都
彭山,彭山
鲜滩,乐山
沙湾,乐山
关村坝,乐山
甘洛,甘洛
上普雄,西昌
喜德,喜德
漫水湾,冕宁
黄联关,西昌
小高,西昌
米易,米易
垭口,攀枝花
楚雄,楚雄
鱼洞,攀枝花
小村,昆明
大旧庄,禄丰
小路溪,昆明
勤丰营,禄丰
读书铺,安宁
浸长村,昆明
曲江,建水
玉溪,玉溪
西街口,昆明
品甸,兴义
安龙,安龙
沙厂坪,安龙
板其,册亨
安顺,安顺
那玉,六盘水
新窑,六盘水
木戛,曲靖
松林,曲靖
吴官田,昆明
大理,大理
纳雍,纳雍
野马寨,六盘水
大塘,曲靖
平田,盘县
大松树,曲靖
秀英,海口
澄迈,澄迈
万家屯,兴城
女儿河,葫芦岛
沟帮子,北宁
兴隆店,沈阳
新立,海城
西柳,海城
葫芦岛,葫芦岛
大荒地,葫芦岛
天义,宁城
热水,赤峰
西南杖子,建昌
昆阳,晋宁
李金,北票
东梁,阜新
东阜新,阜新
八道壕,黑山
塔北,彰武
库伦,库伦旗
沙河口,大连
周水子,大连
盐岛,大连
金州,大连
灵山,鞍山
林盛堡,沈阳
安民,沈阳
四平,四平
杨木林,长春
公主岭,公主岭
旅顺,大连
大孤山,丹东
庄河西,大连
大刘家,金州
李家屯,普兰店
城子坦东,大连
高阳镇,庄河
西丰,西丰
仙人洞,庄河
高家岁,本溪
福金,本溪
下马塘,本溪
中兴,本溪
张家堡,丹东
汤河,凤凰城
蛤蟆塘,丹东
东湖,沈阳
大官屯,抚顺
沃皮,长春
丁家园,德惠
西家,哈尔滨
姚家坨子,松原
到保,白城
镇西,白城
胜利,农安
老伊尔施,阿尔山
二龙屯,科右中旗
条子河,四平
八面城,昌图
双建,四平
满汉营,四平
鸿兴,洮南
汤池,汤池
齐齐哈尔,齐齐哈尔
西辽河,通辽
宝龙山,科尔沁左翼
三十三号,洮南
建设,大安
健民,大庆
革志,大庆
毛告吐,通辽
道老杜,通辽
云端,通辽
庙台子,庙台子
杜尔伯特,泰康
烟筒屯,烟筒屯
黑岗,黑岗
龙江,龙江
古里金,古里金
高台子,高台子
龙岩,龙岩
感德,漳平
长基,安溪
马坑,漳州
漳州,漳州
唐家沱,江北
磨溪,涪陵
鱼泉,黔江
铜仁,铜仁
丹霞山,丹霞山
新城,大余
湘潭,湘潭
湘乡,湘乡
新化,新化
团结山,新化
沂滩,新化
泸阳,怀化
新晃,新晃
青溪,凯里
塘渡口,塘渡口
马路圩,岑溪
祁东北,祁东
蓝家村,蓝家村
柳州南,柳州
平南南,平南
江西村,南宁
宁村,南宁
那铺,南宁
贵港,贵港
廉江,廉江
麻尾,独山
南陶洛,曲阜
泗水,泗水
巨野,巨野
满村,满村
玉皇庙,新乡
石湖村,新沂
邳州,邳州
黄口,黄口
商丘,商丘
圃田,郑州
张寨,徐州
永城北,永城
砀山南,砀山
兰考南,兰考
秦安,天水
交口,三门峡
灞桥,西安
乾县,乾县
中川机场,兰州
毛家庄,宝鸡
三阳川,天水
贺家店,天水
许家台,兰州
兰州,兰州
永乐店,泾阳
三原,三原
蒲城东,蒲城
达拉特旗,鄂尔多斯
沙坝子,鄂尔多斯
巴图塔,鄂尔多斯
六盘水东,六盘水
三岔镇,五寨
朔州西,朔州
西坪,南阳
南阳西,南阳
桐柏,桐柏
水沟,千阳
神峪河,华亭
沈家河,中卫
嘉峪关南,嘉峪关
民和南,海东
陈官营,兰州
西固城,西固城
龙泉寺,兰州
高台,高台
东洞,酒泉
嘉峪关,嘉峪关
红柳河,敦煌
红旗村,哈密
柳树泉,哈密
雅子泉,哈密
十三间房,哈密
柯柯亚,吐鲁番
巴哥,吐鲁番
煤窑沟,吐鲁番
夏普吐勒,吐鲁番
柴西,乌鲁木齐
二宫,乌鲁木齐
三坪,乌鲁木齐
奎屯东,奎屯
蘑菇滩,博乐
狼尾山,嘉峪关
西格尔,喀什
马兰,和硕县
墨玉,墨玉
魏家泉,阜康
阜康,阜康
额敏,额敏
八盘峡,西宁
哈尔盖,德令哈
察尔汗,格尔木
拉萨,拉萨
日喀则,日喀则
孟津,洛阳
泉吉河,海北州
玉泉寺,当阳
枝城,枝城
张家界北,张家界
冷水井,怀化
程村,三江县
老堡,三江县
宜昌,宜昌
枝江北,枝江
新窑坡,兰州
雅园,陇南
陇南,陇南
姚渡,广元
太公,苍溪
渭沱,合川
沙溪坝,广元
黄许镇,德阳
晏家坝,汉中
元坝,广元
嘉川,广元
离堆公园,成都
巴中东,巴中
平昌,平昌
合川,合川
龙潭寺,成都
石板滩,成都
长沙埂,成都
归德乡,成都
史家乡,内江
双凤驿,内江
金刚沱,永川
昭通南,昭通
凉水井,昭通
宁强南,安康
三江,綦江
东升坝,重庆
阁老坝,遵义
龙洞堡,贵阳
三都县,三都
白云北,贵阳
乐山北,夹江
双福,乐山
燕岗,峨眉山
共和,乐山
礼州,西昌
凤仪村,昆明
棠海,昆明
小海口,昆明
渠东所,昆明
隆安东,隆安
茂舍祖,石林
小得江,罗平
白水河,安龙
田丁,百色
新平坝,贵阳
打括,毕节
关寨,六盘水
水城,六盘水
六盘水,六盘水
宣威,宣威
小哨,昆明
弥渡,大理
织金北,织金
曹家湾,六盘水
玉舍,盘县
车转湾,曲靖
羊尾哨,曲靖
宝秀,开远
文昌,文昌
三亚,三亚
白马井,儋州
海头,儋州
金月湾,东方
尖峰,乐东
双羊店,锦州
高台山,沈阳
三台,沈阳
中小所,盘锦
金场堡,锦州
黄甲屯,锦州
绥中北,绥中
杨树岭,承德
石脑,凌源
承德县北,承德
阜新南,阜新
大成,沈阳
泡子,阜新县
彰武,彰武
章古台,彰武
北湖,通辽
通辽西,通辽
三家子,库伦旗
白市,双辽
浑河,沈阳
杨家粉坊,长春
甘井子,大连
兰店,大连
庄河北,大连
广宁寺南,大连
花博山,宽甸
威宁,本溪
老古沟,丹东
闵家屯,长春
长发,农安
长山屯,大安
宁家,乌兰浩特
湖南,乌兰浩特
金银沟,阿尔山
傅家屯,昌图
海丰,四平
大土山,四平
太平川,长岭
于海屯,克左中旗
佟家店,洮南
坦途,白城
高林屯,通辽
他石海,大庆
新肇,肇源
太阳升,大庆
舍伯吐,通辽
齐齐哈尔南,齐齐哈尔
对青山,对青山
昂昂溪,昂昂溪
扎兰屯,扎兰屯
沙力,沙力
胪滨,胪滨
北千里,海拉尔
沙北,九江
巴日图,巴日图
岩山,海拉尔
新帐房,新帐房
朝查,朝查
索图罕,海拉尔
八方,八方
劲松,劲松
碧州,碧州
图强,图强
古莲,古莲
碧水,碧水
新泉,新泉
赵光,赵光
庆安,庆安
神树,神树
南岔,南岔
绿潭,绿潭
兴莲,兴莲
高楞,哈尔滨
方正,哈尔滨
宾西北,哈尔滨
鹤北,鹤北
富锦,富锦
向阳川,向阳川
建三江,建三江
一面坡北,哈尔滨
苇河西,哈尔滨
朱家沟,朱家沟
阎家,阎家
桦南,桦南
申家店,申家店
东佳木斯,东佳木斯
裴德,裴德
梨树镇,梨树镇
恒山,恒山
尚志,尚志
一面坡,一面坡
青岭子,青岭子
敖头,敖头
大观岭,大观岭
马桥河,马桥河
太岭,太岭
绥阳,绥阳
宽沟,宽沟
长汀镇,长汀镇
春阳,汪清
石头,石头
温春,温春
海浪,海浪
舒兰,舒兰
新站,吉林
缸窑,吉林
龙泉,长春
饮马河,九台
六道河,吉林
老爷岭,吉林
前河,蛟河
南沟,敦化
磨盘山,图们
河南,图们
旧堡,鞍山
鞍山,鞍山
昌图,昌图
长春南,长春
长春,长春
叉车厂,大连
水师营,大连
同兴,丹东
花园口,大连
小屯,辽阳
大郑,庄河
石桥子,本溪
本溪,本溪
桥头,本溪
四台子,凤凰城
凤凰城,凤凰城
一面山,丹东
丹东,丹东
赵家,凤凰城
石城,丹东
庙阳,凤凰城
新园,沈阳
布海,长春
姚家,长春
朱三家,长春
两家,大安
来福,白城
归流河,乌兰浩特
哈拉黑,乌兰浩特
猛鹫山,乌兰浩特
白海,阿尔山
明水河,乌兰浩特
白狼,乌兰浩特
南兴安,阿尔山
伊尔施,阿尔山
茂林,双辽
通榆,通榆
大兴,大兴
榆树屯,榆树屯
乜吐硕,通辽
荷叶花,通辽
犹字井,乾安
奈字井,乾安
海坨子,大安
新华屯,新华屯
双泡子,通辽
花吐古拉,通辽
双山屯,科右中旗
杜尔基,通辽
乌斯台,通辽
好力套高,通辽
莺歌,通辽
肇东,肇东
大庆西,大庆
富拉尔基,富拉尔基
虎尔虎拉,虎尔虎拉
成吉思汗,成吉思汗
卧牛河,卧牛河
免渡河,免渡河
海拉尔东,海拉尔
乌固诺尔,乌固诺尔
皇德,皇德
继承,继承
西索木,西索木
伊敏,伊敏
温根托海,温根托海
团结,团结
大杨树东,大杨树东
春亭阁,春亭阁
乌鲁布铁,乌鲁布铁
太阳沟,太阳沟
翠岗,翠岗
聂河,塔河
漠河,漠河县
呼源,呼源
苍山,塔河
十八站,十八站
古城,古城
五大连池,五大连池
万发屯,万发屯
东津,东津
高老,高老
石长,石长
圣浪,圣浪
带岭,带岭
晨明,晨明
浩良河,浩良河
汤原,汤原
佳木斯,佳木斯
宏克力,哈尔滨
新青,新青
乌伊岭,乌伊岭
四马架,四马架
九营,九营
洪河,洪河
新香坊北,哈尔滨
阿城北,哈尔滨
帽儿山西,哈尔滨
尚志南,哈尔滨
杨木,杨木
西麻山,西麻山
东海,东海
新忠,新忠
兴凯,兴凯
迎春,迎春
平山,平山
亚布力,亚布力
石头河,汪清
兰岗,兰岗
平房,平房
九台,长春
天岗,蛟河
富太哈,蛟河
太平岭,敦化
亮兵台,安图
口前,永吉
马相屯,吉林
辉南,辉南
红石砬子,吉林
东丰,东丰
黎明,黎明
通沟,柳河
通化县,通化县
大雅河,桓仁
黄柏,集安
西阳岔,集安
珍珠门,临江
三道湖,靖宇
枫叶岭,白山
平川,白山
西川,江源
永红,抚松
松江河,抚松
影壁山,白山
交城,交城
柳林南,柳林
红寺堡北,吴忠
荷塘,湘潭
盘龙城,武汉
天河机场,武汉
闵集,孝感
灵武,灵武
邓州东,南阳
贵安,贵阳
盘州,盘县
富源北,富源
曲靖北,曲靖
嵩明,昆明
古丈西,吉首
宜春,宜春
新晃西,新晃
孟庄,郑州
绿博园,郑州
孝感北,孝感
株洲西,株洲
耒阳西,耒阳
乐昌东,乐昌
碧江,广州
横琴,珠海
丰顺东,丰顺
图克,鄂尔多斯
桐庐东,杭州
富阳西,杭州
花桥,昆山
江海,江门
新会,江门
南台子,包头
沧州西,沧州
徐州东,徐州
蚌埠南,蚌埠
新民北,沈阳
黑山北,黑山
乌兰木图,阜新县
北票,北票
孙家沟所,喀喇沁左翼
前丁香西所,沈阳
津沪所,天津
黄渡所,上海
茶山坳,长沙
杭州东,杭州
石人沟,天津
阳平关东,汉中
古瓦,合山
王家营西,昆明
张华浜,上海
松口,梅州
雁洋,梅州
永州东,永州
羊城铁旅,广州
广梅汕铁旅,汕头
王平村,北京
武汉客运段,武汉
本溪车务段,本溪
巴林,巴林
东壕,东壕
满洲里,满洲里
德仁,德仁
哈达,哈达
牛耳河,牛耳河
拉哈,拉哈
新高峰,新高峰
达拉滨,达拉滨
塔源,塔源
查班河,查班河
韩家园,韩家园
富裕,富裕
新松浦,新松浦
兴隆镇,兴隆镇
东边井,东边井
扎音河,扎音河
威岭,威岭
望江,望江
莲江口,莲江口
苔青,苔青
宝泉岭,宝泉岭
永胜,佳木斯
双鸭山,双鸭山
古城镇,古城镇
虎山,虎山
密山,密山
八面通,八面通
王兆屯,哈尔滨
成高子,成高子
治山,治山
横道河子,横道河子
爱河,爱河
代马沟,代马沟
亚布力南,亚布力
老庙,图们
老松岭,图们
上营,舒兰
丰广,舒兰
兴隆山,长春
龙家堡,长春
左家,吉林
九站,吉林
蛟河西,蛟河
安图西,安图
延吉西,延吉
大姑家,蛟河
白石山,蛟河
大桥,敦化
大西,勃利
茶条沟,安图
铜佛寺,延吉
开山屯,龙井
龙水坪,和龙
八家子,和龙
枕头峰,和龙
十里坪,和龙
本溪新城,本溪
前甸,抚顺
黑石木,清原
斗虎屯,清原
长山堡,清原
纪家,辉南
靠山屯,辉南
大黑山,永吉
板杖子,辉南
东柳树,吉林
大兴镇,辽源
驼腰岭,柳河
大泉眼,柳河
天桥沟,宽甸
石人,江源
林子头,白山
遥林,江源
三队,临江
大东,白山
松树镇,江源
珠宝岗,白山
板石河,白山
露水河,抚松
白河,安图
香樟路,长沙
芙蓉南,长沙
暮云,长沙
九郎山,株洲
板塘,湘潭
槐荫,孝感
长寿湖,长寿
万州北,万州
平坝南,平坝
玉山南,玉山
娄底南,娄底
运粮河,开封
漯河西,漯河
赤壁北,赤壁
长沙南,长沙
鲘门,汕尾
葵潭,揭阳
潮汕,潮州
珠海北,珠海
龙嘉,长春
揭阳机场,揭阳
宝华山,镇江
无锡新区,无锡
安亭北,上海
葫芦,集宁
草六格尔,集宁
宿州东,宿州
阜新,阜新
孙家沟所,喀喇沁左翼
那丽,北海
元田坝,贵阳
岳阳南,岳阳
乔村,大同
合浦,钦州
田林,田林
青田,青田
宜良北,宜良
永丰营,昆明
高境庙,上海
新祺周,南昌
扎赉诺尔西,扎赉诺尔西
聊城北,聊城
吉安南,南昌
冠朝,南昌
小江,赣州
茶亭,抚州
赣州南,赣州
通辽南,通辽
诸往,威海
漯阜公司,武汉
通远堡西,凤凰城
滴台,沈阳
万里河,吉林
二道通,吉林
伊通,伊通
平东,四平
石岭,四平
莲河,东丰
通化,通化
雅河,宽甸
水洞,通化县
鸭园,通化县
双安屯,集安
阳岔,集安
集安,通化县
菇园,通化县
临江,临江
大阳岔,江源
青沟子,白山
砬子河,抚松
火炬沟,白山
先锋,长沙
后湖,武汉
金银潭,武汉
宁东南,银川
新余北,新余
邵阳北,邵阳
新化南,新化
南曹,郑州
明港东,明港
韶关,韶关
清远,清远
深圳北,深圳
诏安,诏安
东升,中山
畲江北,梅州
建桥,梅州
上海虹桥,上海
准格尔,鄂尔多斯
仙林,南京
昆山南,昆山
南翔北,上海
打拉亥,包头
李玉,呼和浩特
宝拉格,察哈尔右翼
刘伟壕,包头
德州东,德州
泰安,泰安
滕州东,滕州
喀左,喀喇沁左翼
牛河梁,凌源
林寨,梅州
松棚,梅州
旺乡岭,钦州
伊里生,奎屯
李七庄,天津
宜宾南,宜宾
都川,河池
河里,合山
金华南,金华
温州,温州
江所田,罗平
新安,昆明
秧草地,昆明
龙盘山,青岛
双龙山,双龙山
基太,漳平
江岸,武汉
浒湾,南昌
广铁青旅,广州
海南票务,广州
京联合,北京
通远堡,凤凰城
秋木庄,凤凰城
袁家堡,凤凰城
汤山城,丹东
金山湾,丹东
牛心台,本溪
偏岭,本溪
松树台,本溪
边沟,凤凰城
宽甸,丹东
深井子,沈阳
一间堡,长春
德惠,长春
中德,榆树
达家沟,长春
扶余,扶余
双城堡,双城堡
榆树,长春
开安,长春
哈拉海,长春
兴南,松原
平安镇,白城
葛根庙,乌兰浩特
绿水,乌兰浩特
北兴安,阿尔山
泉沟,四平
胡家店,洮南
二龙山,洮南
四合屯,洮南
南洮南,白城
洮南,洮南
江桥,江桥
孔家,通辽
得胜村,通辽
庆丰,洮南
向阳村,向阳村
兴无,大庆
独立屯,独立屯
布敦化,通辽
白音胡硕,科右中旗
车家营子,通辽
吐列毛杜,通辽
白云,科右中旗
白山乡,白山乡
南木,南木
喇嘛山,喇嘛山
扎罗木得,扎罗木得
大良,大良
伊敏索木,伊敏索木
杜拉尔,杜拉尔
牧原,牧原
原林,原林
伊图里河,伊图里河
朝中,朝中
静岭,静岭
莫尔道嘎,莫尔道嘎
青水山,青水山
六合镇,六合镇
鹤山,鹤山
松树林,松树林
塔哈,塔哈
二龙山屯,二龙山屯
西岗子,西岗子
沙园,沙园
龙船,龙船
小白,铁力
金山屯,金山屯
新华,新华
福利屯,福利屯
红兴隆,红兴隆
换新天,换新天
寒葱沟,寒葱沟
鸡西西,鸡西
七台河西,七台河
富江镇,富江镇
桦林,桦林
宝林,宝林
楚山,楚山
林口,林口
通天屯,通天屯
倭肯,倭肯
长发屯,长发屯
七台河,七台河
黑台,黑台
亚沟,亚沟
开道,开道
北林,北林
新兴,图们
骆驼山,图们
鹿道,宁安
卡路屯,卡路屯
大口钦,吉林
前窑,舒兰
天合,舒兰
卡伦,长春
威虎岭北,敦化
七道河,吉林
拉法,蛟河
二道河,蛟河
采石场,安图
乐园,安图
朝阳川,龙井
延吉,延吉
水礼,图们
荒沟西,和龙
南口前,清原
北三家,清原
清原,清原
明城,磐石
烟筒山,磐石
双河镇,永吉
长岗,永吉
东丰北,东丰
长胜,梅河口
桓龙湖,桓仁
中鼎物流园,晋中
河东机场,银川
尖山,长沙
谷山,长沙
毛陈,孝感
宁东,银川
梁平南,梁平
郑州航空港,郑州
湖潮东,贵阳
金华镇,贵阳
醴陵东,醴陵
凯里南,凯里
宋城路,开封
贾鲁河,郑州
二郎庙所,郑州
信阳东,信阳
庆盛,广州
光明城,深圳
惠东,惠州
普宁,揭阳
九台南,长春
湾仔北,珠海
达拉特西,达拉特旗
乌兰陶勒盖,鄂尔多斯
乌审旗,鄂尔多斯
古镇,中山
黄羊,呼和浩特
那林桃亥,乌海
枣庄,枣庄
常州北,常州
无锡东,无锡
衡水北,衡水
前丁香东所,沈阳
后丁香西所,沈阳
崔马庄所,济南
石景山,北京
龙川北,梅州
钦州东,钦州
上石圈,兰州
上陵,梅州
田东,田东
百色,百色
建阳,建阳
石林南,石林
南昌,南昌
青云谱,南昌
塘边,南昌
杨家岭,南昌
仙师,永安
琥市,梅州
泼河,南昌
沙村,南昌
龙口,赣州
三茂铁旅,茂名
寨口,北京
大觉寺,北京
黑河车补,黑河
陇西车务段,兰州
青岛客运段,青岛
昆明客运段,昆明
雷锋路,抚顺
王岗,王岗
哈尔滨,哈尔滨
五棵树,长春
刘家店,长春
谢家镇,榆树
松原,前郭尔罗斯
新庙,大安
五家户,白城
贾家街,乌兰浩特
景阳屯,阿尔山
五叉沟,乌兰浩特
双阳,长春
三江口,昌图
双辽,双辽
堡石图,四平
三宝屯,通于
白城,白城
三间房,三间房
十间房,通辽
巨宝,洮南
工农湖,洮南
乾安,大安
创业村,创业村
银浪,银浪
珠日河牧场,通辽
乌兰中,通辽
万乐,万乐
尚家,尚家
宋,宋
羊草,羊草
雅鲁,雅鲁
沟口,沟口
哈拉沟,哈拉沟
北头河,北头河
大雁,大雁
东宫,东宫
嵯岗,嵯岗
湖北,湖北
忠工屯,忠工屯
石门子,石门子
罕达盖,罕达盖
岭南,海拉尔
岭北,岭北
金河,金河
二道湾,二道湾
光明,光明
讷河,讷河
弯道,弯道
大杨树,大杨树
朝阳村,朝阳村
白桦排,白桦排
新林,新林
绣峰,绣峰
盘古,盘古
翠峰,翠峰
克山,克山
龙镇,龙镇
绥化,绥化
四方台,四方台
绥棱,绥棱
杨家,杨家
全胜,全胜
佳木斯西,佳木斯
双龙湖,哈尔滨
西林,西林
美溪,美溪
伊春,伊春
红星,红星
峻德,峻德
太平镇,太平镇
宝清,宝清
横道河子东,牡丹江
海林北,牡丹江
佛岭,佛岭
八虎力,八虎力
互助,勃利
奎山,奎山
兰岭,兰岭
鸡西,鸡西
永安乡,永安乡
玉泉,玉泉
苇河,苇河
石岘,图们
三道沟,图们
汪清,汪清
斗沟子,斗沟子
背荫河,背荫河
杜家,五常
黄泥河,敦化
敦化,敦化
苇子沟,图们
凤城东,凤凰城
南芬北,本溪
章党,抚顺
石门岭,抚顺县
铁背山,抚顺县
朝阳镇,辉南
磐石,磐石
取柴河,永吉
杉松岗,辉南
天德泉,西丰
五女山,桓仁
果松,通化县
花山,白山
咋子,江源
小山,白山
泉阳,抚松
清徐,清徐
汾阳,汾阳
红寺堡,盐池
孝感东,孝感
兴山,宜昌
保康县,襄阳
长葛北,许昌
普安县,普安
芦官,贵阳
高安,高安
萍乡北,萍乡
湘潭北,湘潭
溆浦南,溆浦
大宗坪,玉屏
岳阳东,岳阳
英德西,英德
惠州南,惠州
饶平,潮州
南朗,中山
前山,珠海
十字门,珠海
梅州西,梅州
新街,伊金霍洛旗
江门东,江门
忽吉图,包头
济南西,济南
襄河,襄河
合山,合山
罗城,柳州
田阳,田阳
丽水,丽水
安太堡,大同
三水南,茂名
台头,南昌
营盘上,南昌
香港红磡,深圳
乳山,乳山
柳州直销,南宁
齐齐哈客段,齐齐哈尔
绥化车务段,绥化
郑州客运段,郑州
南昌客运段,南昌
南京客运段,南京
兰州客运段,兰州
兰州车务段,兰州
济南客运段,济南
广九客运段,广州
吉林客运段,吉林
涵江,莆田
涵江北,莆田
余家,鹰潭
邵武,邵武
政和,政和
闽清,闽清
湖头,泉州
泉州东,泉州
长汀,长汀
太洪,渝北
蔺市,涪陵
郁山,彭水
泔溪,酉阳
松桃,松桃
南雄,南雄
大余,大余
胜昔桥,娄底
荷叶,涟源
冷水江东,冷水江
横阳山,新化
低庄,怀化
坨院,怀化
岩田铺,怀化
冷水铺,怀化
黄平,凯里
宝老山,凯里
凯里西,凯里
岑溪,岑溪
高州,高州
鹿寨北,鹿寨
宾阳,黎塘
岳池,岳池
南宁东,南宁
茅岭,防城港
桥墟,贵港
玉林,玉林
河唇,河唇
拔贡,河池
独山,独山
高坪铺,贵阳
坡华,柳州
肯甫,柳州
费县,费县
南季家疃,曲阜
文庄村,文庄村
狮子营,获嘉
修武,修武
赣榆,连云港
黄集,徐州
开封东,开封
灌南,灌南
铜山,徐州
弯集,徐州
开封北,开封
庄寨,菏泽
天水南,天水
偃师,偃师
洛阳东,洛阳
洛阳,洛阳
渭南,渭南
零口,渭南
长武,长武
福利区,兰州
西固,兰州
宝鸡,宝鸡
渭南镇,渭南镇
景家店,兰州
谗口,兰州
马王村,西安
清涧县,榆林
大保当,神木
瓷窑湾,鄂尔多斯
阴塔,河曲
西峡,西峡
固始,固始
凤翔,凤翔
六盘山,中卫
二营,中卫
酒泉南,酒泉
张掖西,张掖
河口南,河口南
石门河,兰州
红石泉,金昌
平原堡,张掖
新民堡,玉门
腰泉子,玉门
疏勒河,疏勒河
安北,敦煌
柳园,安西
敦煌,敦煌
头堡,哈密
红台,吐鲁番
小草湖,吐鲁番
红旗坎,吐鲁番
七泉湖,吐鲁番
吐鲁番,吐鲁番
天山,吐鲁番
柳园南,安西
星源,吐鲁番
库车,库车
伊斯克苏,阿克苏
咸水沟,阿克苏
喀什,喀什
精河南,精河
霍城,霍城
铁厂沟,托里
玛纳斯湖,玛纳斯湖
和什托洛盖,和什托洛盖
福海,福海
花庄,西宁
恰库尔图,富蕴
孙家寨,西宁
仁布,仁布
南召,南召
刁河店,邓州
郜营,邓州
饮马峡北,海西州
红柳,海西州
鸦雀岭,当阳
松滋,松滋
西斋,枝城
石门县,石门县
二家河,张家界
后坪,张家界
官坝,张家界
洛浦,和田
大岭,柳城
柳江,柳州
建始,恩施
陇南西,陇南
武胜,武胜
红花铺,宝鸡
巨亭,宁强
二郎庙,广元
广汉,广汉
池河,安康
普济,广元
什邡,广汉
永兴,广汉
新民场,成都
安洛,西昌
新康,元谋
大树村,禄丰
广安南,广安
潼南,潼南
遂宁南,遂宁
成都西,成都
成都东,成都
歌乐山,重庆
临江寺,成都
泸县,泸州
内江东,内江
大足,大足
栏杆滩,永川
临江场,永川
自贡南,自贡
横江,昭通
仙水,昭通
南岸坝,宜宾
小儿坪,昭通
临江溪,昭通
花土坡,六盘水
金钟,六盘水
珞璜,江津
转关口,重庆
松坎,遵义
南白镇,遵义
乌江,遵义
养龙司,遵义
阳朗,遵义
扎佐,贵阳
谷口河,贵阳
相思河,贵阳
贵阳北,贵阳
龙里北,龙里
旌阳,德阳
眉山东,眉山
黔西,黔西
成都南,成都
双流,成都
青龙场,成都
眉山,眉山
柏村,乐山
金口河,乐山
白果,西昌
乐武,西昌
红峰,西昌
瓦祖,西昌
西昌南,西昌
牛坪子,攀枝花
拉鲊,攀枝花
花棚子,攀枝花
广通,禄丰
禄丰南,禄丰
泽润里,昆明
昆明,昆明
挖色,大理
甸苴坝,通海
燕子洞,建水
蒙自北,蒙自
化城,昆明
者桑,富宁
弥勒东,弥勒
施家嘴,宜良
乐善村,宜良
果河,陆良
龙广,安龙
册亨,册亨
威箐,盘县
鲁番,盘县
上西铺,盘县
岩脚寨,安顺
大用,安顺
六枝,六枝
鸡场坡,安顺
织金,毕节
杨林,昆明
祥云西,祥云
长冲,楚雄
下藤桥,六盘水
二塘区,六盘水
白沙坡,曲靖
花家庄,盘县
建水,建水
海口,海口
东方,东方
南山北,三亚
江家岭,兴城
沙后所,兴城
锦州,锦州
棋子湾,昌江
马三家,沈阳
下夹河所,海城
渤海,海城
牛庄,海城
八角台,锦州
义县西,义县
波罗赤,凌源
榆树沟,承德
永和,承德
建平,建平
南洼,凌源
平庄北,赤峰
宣家沟,喀喇沁左翼
南汤,锦西
杨家店,锦西
承德南,承德
清河门北,阜新
李屯,黑山
么荒,阜新
十家子,阜新县
北绕阳,彰武
巴胡塔,通辽
门达,通辽
双城北,双城
盖州西,盖州
大连北,大连
大石桥,大石桥
首山,鞍山
张台子,灯塔
新城子,沈阳
陶家屯,公主岭
范家屯,公主岭
大屯,长春
牛角山,金州
亮甲店,大连
登沙河,大连
杏树屯,大连
安平,辽阳
寒岭,本溪
明阳,庄河
大阳,桓仁
吴家屯,本溪
草河口,本溪县
二台子,本溪
沙河镇,丹东
官家,凤凰城
叆河,凤凰城
榆树台,沈阳
民家,沈阳
李石寨,抚顺
高尔山,抚顺
陶赖昭,扶余
蔡家沟,扶余
兰棱,兰棱
华家,长春
大安,大安
乌兰浩特,乌兰浩特
忙罕屯,科右前旗
索伦,乌兰浩特
丰林,阿尔山
西口,乌兰浩特
金宝屯,科尔沁左翼
金山,四平
双岗,洮南
大仙,洮南
穆家店,洮南
镇赉,镇赉
泰来,泰来
大民屯,大民屯
敖力布告,科尔沁左翼
官字井,大安
劳动屯,大庆
八村,八村
塔力根土,通辽
燕舞,通辽
哈日努拉,通辽
珠斯花,霍林郭勒
大庆,大庆
高家,高家
博克图,博克图
新南沟,新南沟
塔尔气,塔尔气
道劳杜,道劳杜
乌尔旗汗,乌尔旗汗
图里河,图里河
朝原,朝原
金林,金林
满归,满归
小榆树,小榆树
哈力图,哈力图
小扬气,小扬气
古源,古源
大扬气,大扬气
新天,新天
林海,林海
呼中,呼中
高头,高头
冯屯,冯屯
群力,群力
富海,富海
克东,克东
二井,北安
讷漠尔,北安
黑河,黑河
呼兰,呼兰
石人城,石人城
哈尔滨东,哈尔滨
兴福,兴福
松青,铁力
达连河,哈尔滨
柳树,柳树
红山,红山
翠峦,翠峦
前锋,前锋
牡丹江,牡丹江
双鸭山西,双鸭山
柴河,柴河
向阳,向阳
孟家岗,孟家岗
密山西,密山
杨岗,杨岗
石磷,石磷
阿城,阿城
山市,山市
磨刀石,磨刀石
红房子,红房子
密江,七台河
山嘴子,牡丹江
营城,九台
桦皮厂,吉林
榆树川,延吉
溪洞,延吉
和龙,和龙
松江镇,安图
营盘,抚顺县
苍石,清原
龙山,梅河口
山城镇,梅河口
黑山头,梅河口
七间房,磐石
西阳,永吉
前程,吉林
石湖,通化
老岭,通化
老营,白山
浑江西,白山
抚松,抚松
柳毛沟,抚松
义合镇,绥德
定边,定边
中宁东,中宁
麓谷,长沙
开福寺,长沙
奉节,奉节
云阳,云阳
朱砂古镇,铜仁
花溪南,贵阳
花溪大学城,贵阳
党武,贵阳
平顶山西,平顶山
白云西,贵阳
芙蓉镇,吉首
凤凰古城,吉首
进贤南,进贤
郑州东,郑州
横店东,横店
虎门,东莞
汕尾,汕尾
漳浦,漳浦
北滘,佛山
顺德学院,顺德
翠亨,珠海
唐家湾,珠海
珠海,珠海
揭阳,揭阳
响沙湾,达拉特旗
苏州新区,苏州
阳澄湖,昆山
厂汗,包头
丹阳北,丹阳
禹城东,禹城
姚家窝堡所,沈阳
朝阳,朝阳
生芝渠,韩城
九江西,九江
郑州北,郑州
濯港,合肥
彭县,成都
白鹤隘,合山
王所,合山
新印,柳州
平果,平果
武义,武义
建瓯,建瓯
广南卫,昆明
中寨,昆明
白马厂,济南
大埔,大埔
廿里铺,银川
吕店,南昌
醪桥,南昌
北斗,梅州
丁家滩,北京
韭园,北京
鹫峰,北京
威海,威海
